key,el
AirlockKey Inspect,"Η μαγνητική ταινία ευθυγραμμίστηκε τέλεια, οπότε θα πρέπει να ξαναδουλέψει."
BrokenKey Inspect,"Αν βρω τρόπο να κρατήσω τα δύο κομμάτια ενωμένα με ακρίβεια, ίσως να δουλεύει ακόμα."
Tape Inspect,Ένα μικρό ρολό κολλητικής ταινίας.
BoneKey Inspect,Οι γωνίες του κλειδιού είναι κομμένες σε ακανόνιστο σχέδιο.
BoneKeyA Inspect,Στη μία άκρη του κλειδιού έχει ένθετο ένα περίτεχνο φτερό πεταλούδας από χρωματιστό γυαλί.
BoneKeyB Inspect,Στη μία άκρη του κλειδιού έχει ένθετο ένα περίτεχνο φτερό πεταλούδας από χρωματιστό γυαλί.
SurfaceKey Inspect,Κάρτα επισκέπτη για την Εγκατάσταση AEON S-23 Sierpinski.
ClassRoomKey Inspect,Ανοίγει την πόρτα της αίθουσας 4C στην Aula του επιπέδου 1.
ObservationKey Inspect,"Επίπεδο 1
Protektor
S-23 <mspace=1.5em>█████████</mspace>
Παρατήρηση"
KeyOfWater Inspect,Ένα μοναδικό κύκλωμα είναι χαραγμένο πάνω στην κάρτα.
KeyOfFire Inspect,Ένα μοναδικό κύκλωμα είναι χαραγμένο πάνω στην κάρτα.
KeyOfAir Inspect,Ένα μοναδικό κύκλωμα είναι χαραγμένο πάνω στην κάρτα.
KeyOfGold Inspect,"Κάτι είναι περίεργο με αυτό το κλειδί, σαν να μην ανήκει εδώ…"
Socket10mm Inspect,"Χωρίς λαβή, δεν μπορεί να χρησιμοποιηθεί."
SocketHandle Inspect,Άχρηστη χωρίς καρυδάκι.
SocketWrench Inspect,Ιδανικό για να ξεβιδώνει εξάγωνα μπουλόνια των 10mm.
VCR Inspect,Κασέτα τύπου SVK με μαγνητική ταινία διοξειδίου του χρωμίου.
IncineratorKey Inspect,"Κάρτα πρόσβασης
Προσωπικό S-23
Αποτεφρωτήρας"
ExamKey Inspect,"Κάρτα πρόσβασης
Προσωπικό S-23
Αίθουσα εξετάσεων"
PumpKey Inspect,"Κάρτα πρόσβασης
Προσωπικό S-23
Αίθουσα ελέγχου αντλιών"
AdlersKey Inspect,Κανονικά δίνει σε μια μονάδα ADLR πρόσβαση στο προσωπικό της δωμάτιο.
ShutterHandle Inspect,Με αυτό μπορώ να ανοίξω μια πόρτα με ρολό.
MusicCassette Inspect,«Τραγούδια της κουκουβάγιας». Η κασέτα μοιάζει να είναι μέρος μιας σειράς τραγουδιών που αρέσουν στις μονάδες Eule.
PaintingKey Inspect,"Το χάραγμα είναι πολύ πρόχειρο, αλλά μοιάζει με νησί με ψηλά δέντρα."
ElevatorFuse Inspect,Μια μεγάλη και βαριά ασφάλεια για ηλεκτρικό εξοπλισμό υψηλής τάσης.
ShotgunCaseKey Inspect,Η ετικέτα έχει την υπογραφή «Hunter».
PostboxKey Inspect,Ανοίγει το γραμματοκιβώτιο 0512.
OwlKey Inspect,Κανονικά δίνει σε μια μονάδα EULR πρόσβαση στο προσωπικό της δωμάτιο.
KolibriKey Inspect,Κανονικά δίνει σε μια μονάδα KLBR πρόσβαση στο προσωπικό της δωμάτιο.
Doll_M Inspect,Ανοίγει εύκολα για να χωρέσει μέσα μια μικρότερη κούκλα.
Doll_SM Inspect,"Είναι βαριά και συμπαγής, αλλά δε στέκεται όρθια."
Doll_B Inspect,Έχω ακούσει ότι αυτές οι κούκλες που μπαίνουν η μία μέσα στην άλλη είναι δημοφιλές παιχνίδι για παιδιά στο Rotfront.
Doll_S Inspect,Απροσδόκητα βαριά.
Doll_BS Inspect,Η μικρή κούκλα μέσα κροταλίζει όταν την κουνάω.
Doll_BM Inspect,Μοιάζει να λείπει μια κούκλα.
Doll_BMS Inspect,Είναι βαμμένη ώστε να μοιάζει με μονάδα Mynah.
PlateBalance Inspect,"Η επιφάνεια μοιάζει φτιαγμένη από λείο, γυαλισμένο μαύρο μάρμαρο ή γρανίτη, αλλά μέσα υπάρχει κάτι μαλακό και υγρό."
PlateLove Inspect,"Η επιφάνεια μοιάζει φτιαγμένη από λείο, γυαλισμένο μαύρο μάρμαρο ή γρανίτη, αλλά μέσα υπάρχει κάτι μαλακό και υγρό."
PlateSacrifice Inspect,"Η επιφάνεια μοιάζει φτιαγμένη από λείο, γυαλισμένο μαύρο μάρμαρο ή γρανίτη, αλλά μέσα υπάρχει κάτι μαλακό και υγρό."
PlateKnowledge Inspect,"Η επιφάνεια μοιάζει φτιαγμένη από λείο, γυαλισμένο μαύρο μάρμαρο ή γρανίτη, αλλά μέσα υπάρχει κάτι μαλακό και υγρό."
PlateEternity Inspect,"Η επιφάνεια μοιάζει φτιαγμένη από λείο, γυαλισμένο μαύρο μάρμαρο ή γρανίτη, αλλά μέσα υπάρχει κάτι μαλακό και υγρό."
PlateFlesh Inspect,"Η επιφάνεια μοιάζει φτιαγμένη από λείο, γυαλισμένο μαύρο μάρμαρο ή γρανίτη, αλλά μέσα υπάρχει κάτι μαλακό και υγρό."
RingSerpent Inspect,"Μοιάζει με τον Ουροβόρο, που μερικές φορές λέγεται «Φίδι της Αιωνιότητας»."
RingBride Inspect,«Μέχρι να μας χωρίσει ο θάνατος».
RingRegent Inspect,«Και αυτό θα περάσει».
RustedKey Inspect,Η μεταλλική επιφάνεια είναι εντελώς σκουριασμένη.
Incense Inspect,Η μυρωδιά του θυμιάματος με κάνει να νιώθω μελαγχολία.
TarotDeath Inspect,«XIII - Ο Θάνατος».
TarotTower Inspect,«XVI - Ο Πύργος».
TarotMoon Inspect,«XVIII - Η Σελήνη».
TarotStar Inspect,«XVII - Το Αστέρι».
TarotSun Inspect,«XIX - Ο Ήλιος».
TarotLovers Inspect,«VI - Οι Εραστές».
ValveHandwheel Inspect,"Η μπογιά ξεφλουδίζει από αυτό το παλιό, βαρύ χειροτροχό."
DiskBlue Inspect,"Η δισκέτα δεν έχει ετικέτα, μόνο το σήμα του κατασκευαστή."
DiskRed Inspect,«Ασθενείς (αρχείο)».
StoreKey Inspect,«Φωτογραφείο Yeong».
MeatKey Inspect,«Δωμάτιο 0512». Η ετικέτα είναι πιτσιλισμένη με αίμα.
MoonRing Inspect,Μοιάζει να ταιριάζει σε κάποιο μηχανισμό που μοιάζει με ρολόι.
KeyOfEternity Description,Ψάχνεις ακόμα απαντήσεις εκεί που υπάρχουν μόνο ερωτήσεις;
KeyOfEternity Inspect,Στο τέλος δεν υπάρχει τίποτα άλλο από πόνο.
KeyOfLove Description,"Κύκλος 888
Προσπάθησα να μάθω στην Elster να χορεύει. Είναι τόσο γλυκιά όταν είναι αδέξια σε τέτοια πράγματα."
KeyOfLove Inspect,"Κύκλος 1024
Πριν γνωρίσω την Elster, ποτέ δεν πίστευα ότι θα έβρισκα κάποια να την ερωτευτώ έτσι."
KeyOfSacrifice Description,"Στον ορίζοντα, είδα ένα αστέρι να πέφτει στη θάλασσα, και ο ήχος της βροντής, σαν σάλπιγγες αγγέλων, πέρασε πάνω από το νερό."
KeyOfSacrifice Inspect,"Χαλάζι, φωτιά και αίμα χτύπησαν το βρεγμένο μου πρόσωπο, και το ένα τρίτο από όσα ζούσαν στη θάλασσα πέθανε."
ROT_Moonring_Net_Obs1,Κάποια μεταλλικά συντρίμμια έχουν πιαστεί στο δίχτυ του φωταγωγού.
ROT_Moonring_Net_Obs2,Το δίχτυ είναι πολύ αδύναμο για να με κρατήσει.
RES_Isa_1,[Adler] Φοβάμαι ότι ο Διοικητής δε δέχεται επισκέπτες αυτή τη στιγμή.
RES_Isa_2,"[Adler] Ίσως όμως μπορώ να βοηθήσω εγώ.
[Isa] ...ποιος είσαι εσύ;
[Adler] Είμαι ο διαχειριστής αυτής της εγκατάστασης.
[Adler] Σε παρακαλώ, δε χρειάζεται να φοβάσαι.
[Adler] Είμαι εδώ μόνο για να βοηθήσω."
RES_Isa_3,"[Adler] Είπες ότι ψάχνεις την αδερφή σου;
[Isa] Δεν είπα τίποτα.
[Adler] Την προηγούμενη φορά το είπες..."
LOV_NewSpeak,"<title>Υπόμνημα: Ορολογία</title>
Με εντολή της AEON, ανακοινώνω τα εξής:
Λόγω των πρόσφατων γεγονότων, και σύμφωνα με τον νέο Κανονισμό Μέσων Δημοσίου Συμφέροντος AGM-87 της AEON, ο όρος <mspace=1.7em>█████████</mspace>, που χρησιμοποιείται σήμερα σε διάφορες εγκαταστάσεις της AEON, δεν επιτρέπεται πλέον και δεν πρέπει να χρησιμοποιείται.
Χώροι και τμήματα που χρησιμοποιούν σήμερα τον όρο πρέπει να μετονομαστούν ΑΜΕΣΩΣ.
<page>Το διοικητικό προσωπικό πρέπει να σβήσει τον όρο από όλες τις πινακίδες και τα έγγραφα, μέχρι η AEON να ανακοινώσει νέα ορολογία.
Από τώρα και στο εξής, η χρήση του όρου σε συζητήσεις και αλληλογραφία είναι Παράπτωμα (Προσβολή κατά του Κράτους) και τιμωρείται με 2 κύκλους διπλής βάρδιας.
<page>Ίσως δεν είναι εύκολο, αλλά όλοι πρέπει να κάνουμε το κομμάτι μας. Να θυμάστε πάντα:
«Η γλώσσα μας διαμορφώνει τον κόσμο μας. Ένας τέλειος κόσμος χρειάζεται μια τέλεια γλώσσα.»
-Adler"
LOV_Poster_Propaganda,"<title>Μαζί</title>


<align=center>Μαζί προς τη νίκη κατά της Αυτοκρατορίας!"
MEM_Doodle_K,"<title>Ζωγραφιά</title>


<align=center>Caulibri"
ROT_Poster_Prop_Falke,"<title>Wunderwaffen</title>

<align=center>Τα υπερόπλα του Έθνους μας
στη μάχη κατά της Αυτοκρατορίας: Μονάδες Falke"
ROT_Poster_Prop_Guns,"<title>Επανένωση</title>

<align=right>Επανένωση με κάθε κόστος!
Πυροβολαρχία Τροχιακής Άμυνας Vineta-12:
Το Buyan και το Kitezh στο στόχαστρό μας.
- Μεραρχίες Πυροβολικού του Λαϊκού Στρατού"
MEM_Poster_Penrose_Ship,"<title>Επιχείρηση Penrose</title>

Το καμάρι του Έθνους Eusan:
Διαστημόπλοιο τύπου «Penrose»
- Λαϊκό Ναυτικό"
MEM_Obs_Window_1,"Το πίσω παράθυρο παρατήρησης.
Τίποτα να δεις εκτός από αστέρια."
MEM_Obs_Cargo,«Αμπάρι φορτίου χωρίς πίεση - Μην μπαίνετε κατά την πτήση»
MEM_Obs_Repair,"Η θέρμανση στο κάτω κατάστρωμα κάνει λίγο νάζια τελευταία.
Δε χρειάζεται να το φτιάξω τώρα."
MEM_LowerDeck Service Hall A,Πρόσβαση φορτίου
MEM_LowerDeck Service Hall B,Πρόσβαση φορτίου
MEM_LowerDeck Observation,Πίσω παρατηρητήριο
MEM_Sketchbook,<title>Μπλοκ ζωγραφικής</title>
REP_Arar,"<title>ARAR</title>


<align=center>Replika επισκευών γενικής χρήσης 'Ara'"
REP_Eulr,"<title>EULR</title>


<align=center>Απλή γενική Replika ελαφριάς χρήσης 'Eule'"
REP_Star,"<title>STAR</title>


<align=center>Replika φρουρός, τεχνικός ασφαλείας 'Star'"
REP_Stcr,"<title>STCR</title>


<align=center>Replika ελεγκτής, τεχνικός ασφαλείας 'Storch'"
REP_Mnhr,"<title>MNHR</title>


<align=center>Replika εξόρυξης, πυρηνικής τεχνολογίας, υψηλής ασφάλειας 'Mynah'"
REP_Hunter,"<title>STAR S-2313</title>


<align=center>Replika φρουρός, τεχνικός ασφαλείας 'Star'
 S-2313 Hunter"
REP_Scoreboard,"<title>84-21-C</title>
 <indent=30%>1. 60/60 STAR-S2313 Hunter
2. 60/60 STAR-S2313 Hunter
 3. 60/60 STAR-S2313 Hunter
 4. 52/60 STAR-S2313 Hunter
 5. 45/60 STCR-S2307 Storch Sieben
 6. 32/60 STAR-S2333 Tank"
ControllerDisconnected,Ένα χειριστήριο αποσυνδέθηκε.
ControllerConnected,Ένα χειριστήριο συνδέθηκε.
ControllerDisconnectedPS,Ένα ασύρματο χειριστήριο αποσυνδέθηκε.
ControllerConnectedPS,Ένα ασύρματο χειριστήριο συνδέθηκε.
ControllerDisconnectedNS,Ένα χειριστήριο αποσυνδέθηκε.
ControllerConnectedNS,Ένα χειριστήριο συνδέθηκε.
ControllerDisconnectedXB,Ένα χειριστήριο αποσυνδέθηκε.
ControllerConnectedXB,Ένα χειριστήριο συνδέθηκε.
OptionsHint COst,Διάταξη κουμπιών τύπου «East».
OptionsHint COst PS,Διάταξη κουμπιών τύπου «East».
OptionsHint COst XB,Διάταξη κουμπιών τύπου «East».
OptionsHint COst NS,Διάταξη κουμπιών τύπου «East».
Options COst,East
Options CNormal,South
Options CAlt,West
Help Confirm,Επιβεβαίωση
Help Cancel,Άκυρο
Options AutoTaser,Γρήγορο EIG
END_Promise_Again,"Άλλη μια φορά,"
MAN_0,ΕΓΧΕΙΡΙΔΙΟ ΟΔΗΓΙΩΝ
MAN_1a,"<style=red>Αλληλεπίδραση</style>
Τα σημαντικά αντικείμενα φαίνονται με ένα λευκό πλαίσιο όταν είναι κοντά.

<style=red>Τρέξιμο</style>
Όταν τρέχει, η Elster γίνεται πιο εύκολα αντιληπτή από τους εχθρούς."
MAN_1b,"<style=red>Χρήση εργαλείου</style>
Εκτός από όπλο, η Elster μπορεί να κρατάει και ένα Εργαλείο για να το χρησιμοποιεί ενώ κινείται.

<style=red>Ετοιμότητα όπλου</style>
Για να σημαδέψετε με ένα όπλο, κρατήστε πατημένο το {2}. Η κίνηση είναι πιο αργή όσο σημαδεύετε."
MAN_2,"<style=red>Σκόπευση</style>
Όταν σημαδεύετε έναν εχθρό, εμφανίζεται ένα πλαίσιο στόχευσης γύρω του.
Όταν δεν υπάρχει εμπόδιο, το πλαίσιο μικραίνει σιγά σιγά και η βολή γίνεται πιο ακριβής.
Αν κάτι κρύβει τον στόχο, μέσα στο πλαίσιο εμφανίζεται ένας σταυρός.

<style=red>Αποτελείωμα εχθρών</style>
Όταν ένας εχθρός τραυματιστεί σοβαρά, πέφτει στο έδαφος.
Πριν σηκωθεί, τρέξτε κοντά του και αποτελειώστε τον πατώντας {0}, για να γλιτώσετε πυρομαχικά. Προσοχή: ακόμα και αποτελειωμένοι εχθροί μπορεί να συνέλθουν, αν η Elster μείνει πολλή ώρα στην ίδια περιοχή."
MAN_3,"<style=red>Υγεία</style>
Όταν η Elster δεχτεί σχεδόν θανάσιμο τραύμα, εμφανίζεται για λίγο μια προειδοποίηση στην οθόνη.
Μπορείτε να δείτε την τωρινή υγεία της Elster στην οθόνη αντικειμένων.

<style=red>Αντικείμενα θεραπείας</style>
Μερικά αντικείμενα, αφού τα χρησιμοποιήσετε, αναπληρώνουν σιγά σιγά την υγεία της Elster όσο είστε έξω από τα αντικείμενα.

<style=red>Αποθήκευση</style>
Στο SIGNALIS δεν υπάρχει αυτόματη αποθήκευση ούτε σημεία ελέγχου!
Όταν η Elster πεθάνει, χάνεται όλη η πρόοδος από την τελευταία σας αποθήκευση.
Προσέχετε την υγεία και τα εφόδιά σας για να επιβιώσετε."
MAN_4,"<style=red>Οθόνη αντικειμένων</style>
Πατήστε {3} για να ανοίξετε την οθόνη αντικειμένων οποιαδήποτε στιγμή στο παιχνίδι.
Σε αυτή την οθόνη βλέπετε την τωρινή υγεία της Elster και τα αντικείμενα που κρατάει.
Στο SIGNALIS, ο χώρος για αντικείμενα είναι πολύτιμος.
Η Elster μπορεί να κουβαλάει μόνο 6 ομάδες αντικειμένων κάθε φορά.
Φροντίστε να έχετε πάντα αρκετό χώρο για να πάρετε τα σημαντικά αντικείμενα.

<style=red>Κουτί αποθήκευσης</style>
Για να ελευθερώσει χώρο, η Elster μπορεί να αφήνει αντικείμενα στο κουτί αποθήκευσης που υπάρχει σε κάθε δωμάτιο αποθήκευσης.
Τα αντικείμενα που αφήνετε στο κουτί μπορείτε να τα πάρετε από οποιοδήποτε δωμάτιο αποθήκευσης."
MAN_5,"<style=red>Χάρτης και ενότητες</style>
Από την οθόνη αντικειμένων, μπορείτε να ανοίξετε τον χάρτη, που κρατάει τα δωμάτια που έχετε επισκεφτεί, και την οθόνη ενοτήτων.
<style=red>Οθόνη ενοτήτων</style>
Σε αυτή την οθόνη μπορείτε να χειριστείτε την ενότητα ραδιοφώνου, να ξαναδιαβάσετε έγγραφα στην ενότητα μνήμης και να δείτε την τωρινή υγεία της Elster στην ενότητα διαγνωστικών."
END_Circle_T1,"Είμαι πάλι ο εαυτός μου,"
END_Circle_T2,αλλά εσύ δεν είσαι πια ο εαυτός σου.
Results,Αποτελέσματα
LanguageName,Ελληνικά
PlaceholderText,Δε βρέθηκε.
CombineInvalid,Δεν μπορώ να τα συνδυάσω αυτά.
CombineNoSpace,Δεν υπάρχει χώρος για συνδυασμό.
CombinedSuccessful,Δημιουργήθηκε: {0}.
Combine,Συνδυασμός {0} με…
ReloadWrongAmmo,Λάθος τύπος πυρομαχικών.
ReloadNeedAmmo,Χρειάζομαι {0} για να το γεμίσω.
ReloadSuccessful,Γεμίστηκε: {0}.
ReloadFull,Είναι ήδη γεμάτο.
UsedSuccessful,Χρησιμοποιήθηκε: {0}.
UsedNoUseHere,Δεν μπορώ να το χρησιμοποιήσω εδώ.
UsedNoUse,Δε χρειάζεται να το χρησιμοποιήσω τώρα.
DestroyItem,"Επιβεβαιώστε για να καταστρέψετε αυτή την ομάδα αντικειμένων και να αδειάσετε τη θέση.
<style=red>Προσοχή: Αυτό δεν αναιρείται.</style>"
CMDUSE,ΧΡΗΣΗ
CMDCOMBINE,ΣΥΝΔΥΑΣΜΟΣ
CMDINSPECT,ΕΞΕΤΑΣΗ
CMDEQUIP,ΕΞΟΠΛΙΣΜΟΣ
CMDUNEQUIP,ΑΦΑΙΡΕΣΗ
CMDRELOAD,ΓΕΜΙΣΜΑ
CMDDESTROY,ΚΑΤΑΣΤΡΟΦΗ
BoxStore,Απόθεση
BoxRetrieve,Ανάληψη
BoxOvercapacity,Δεν υπάρχει χώρος
BoxAmount,Ποσότητα
EquippedWeaponTitle,Όπλο
StatusTitle,Κατάσταση
MemoryTitle,Μνήμη
FrameTitle,Σώμα
PersonaTitle,Περσόνα
DiagnosticTitle,Διαγνωστικά
FrameDamage,Λειτουργικό
FrameFiller,Υλικό πλήρωσης
Hyper,Υπερευαίσθητη
Kata,Κατατονική
Clusters,Υπερφορτωμένη
Fragment,Κατακερματισμένη
TransmitterTitle,Δέκτης
MapTitle,Χάρτης περιοχής
Empty Slot,Κενή θέση
FlashlightToggleOn,Άναψα τον φακό.
FlashlightToggleOff,Έσβησα τον φακό.
HealthBlue,Κανονική
HealthYellow,Προσοχή
HealthOrange,Προειδοποίηση
HealthRed,Κίνδυνος
HealthDark,Κρίσιμη
Inv Map,Χάρτης
Inv Diag,Διαγνωστικά
Inv Item,Επιλογή αντικειμένου
Inv CMD,Μενού ενεργειών
Inv Inv,Αντικείμενα
Inv Floor,Αλλαγή ορόφου
Inv MapScroll,Κύλιση χάρτη on/off
Inv Storage,Αποθήκη
Inv Store,Μεταφορά επιλεγμένου
Inv Module,Ενότητα
Inv Radio,Ραδιόφωνο on/off
Inv Tune,Ρύθμιση συχνότητας
Inv Memory,Επιλογή μνήμης
Inv MemoryView,Προβολή μνήμης
MainMenu Play,Έναρξη
MainMenu Continue,Συνέχεια
MainMenu Settings,Ρυθμίσεις
MainMenu Credits,Credits
MainMenu Quit,Έξοδος
MainMenu Manual,Εγχειρίδιο
PauseMenuManual,Εγχειρίδιο
Options Settings,ΡΥΘΜΙΣΕΙΣ
OptionsTab Gameplay,ΠΑΙΧΝΙΔΙ
OptionsTab Display,ΟΘΟΝΗ
OptionsTab Graphics,ΓΡΑΦΙΚΑ
OptionsTab Audio,ΗΧΟΣ
OptionsTab Controls,ΧΕΙΡΙΣΜΟΣ
OptionsTab Keybinds,ΠΛΗΚΤΡΑ
Gameplay Cursor,Δείκτης ποντικιού
Gameplay Autoload,Αυτόματο γέμισμα
Options AutoTaserOld,Γρήγορο EIG
Gameplay ClearAll,Διαγραφή όλων των αποθηκεύσεων
Options Precursor,Πάντα
Options Aimcursor,Μόνο στη σκόπευση
OptionsHint MouseAimInter,Ρύθμιση συμπεριφοράς του δείκτη ποντικιού.
OptionsHint Precursor,Ο δείκτης ποντικιού φαίνεται πάντα.
OptionsHint Aimcursor,Ο δείκτης ποντικιού φαίνεται μόνο όταν σημαδεύετε.
OptionsHint Nocursor,Ο δείκτης ποντικιού δε φαίνεται ποτέ.
Options Display,Οθόνη
Options Resolution,Ανάλυση
Options Pixel Scale,Κλίμακα pixel
Options Fitting,Προσαρμογή
Options Fitting PP,Pixel Perfect
Options Fitting LB,Letterboxed
Options Fitting DT,Τεντωμένη
OptionsHint Fitting PP,Προτείνεται. Κάθε pixel αντιστοιχεί σε ένα τετράγωνο ίδιου μεγέθους στην οθόνη.
OptionsHint Fitting LB,Η εικόνα μεγαλώνει στο μέγεθος της οθόνης χωρίς παραμόρφωση. Μερικές γραμμές μπορεί να έχουν άνισο πάχος.
OptionsHint Fitting DT,Η εικόνα μεγαλώνει και τεντώνεται για να γεμίσει την οθόνη. Μπορεί να φαίνεται άνιση και παραμορφωμένη.
Options Volumetrics,Volumetric Effects
Options Mirrors,Αντανακλάσεις
Options Veil,Εφέ εχθρών
Options Lasers,Σύνθετα λέιζερ
Options Grain,Film Grain
Options CRT,Λειτουργία CRT
Options Mode,Λειτουργία οθόνης
Options V-Sync,V-Sync
Options Brightness,Φωτεινότητα
Options Vibes,Δόνηση
Options Shake,Κούνημα οθόνης
Options Language,Γλώσσα
Options MasterVol,Γενική ένταση
Options MusicVol,Ένταση μουσικής
Options SFXVol,Ένταση εφέ
Options RadioVol,Ένταση ραδιοφώνου
Options ControlsStyle,Στυλ χειρισμού
Options ControlsStyle Camera,Standard
Options ControlsStyle Tank,Tank
Options Babswap,Αλλαγή χειρισμού σκόπευσης
Options RunStyle,Τρόπος τρεξίματος
Options RunStyleHold,Κράτημα
Options RunStyleToggle,Εναλλαγή
Options RunStyleSticky,Sticky
Options AimStyle,Τρόπος σκόπευσης
Options AimStyleHold,Κράτημα
Options AimStyleToggle,Εναλλαγή
Options AimStyleQuick,Γρήγορη
Options MouseAimSense,Ευαισθησία ποντικιού
Options QuickRadio,Γρήγορο ραδιόφωνο
Options KBLayout,Χειρισμός πληκτρολογίου
Options KBNormal,Προεπιλογή
Options KBAlt,Εναλλακτικό
Options CLayout,Χειρισμός χειριστηρίου
Options CLayout CONSOLE,Χειρισμός
Options CNormalOld,Προεπιλογή
Options CAltOld,Εναλλακτικό
OptionsHint KBNormal,"Σύγχρονο, με WASD. F για αλληλεπίδραση."
OptionsHint KBAlt,"Κλασικό, με WASD. E για αλληλεπίδραση."
OptionsHint CNormal,Διάταξη κουμπιών «Short thumb».
OptionsHint CNormal PS,Διάταξη κουμπιών «Short thumb».
OptionsHint CNormal XB,Διάταξη κουμπιών «Short thumb».
OptionsHint CNormal NS,Διάταξη κουμπιών «Short thumb».
OptionsHint CAlt,Διάταξη κουμπιών «Long thumb».
OptionsHint CAlt PS,Διάταξη κουμπιών «Long thumb».
OptionsHint CAlt XB,Διάταξη κουμπιών «Long thumb».
OptionsHint CAlt NS,Διάταξη κουμπιών «Long thumb».
Options TextSpeed,Ταχύτητα κειμένου
Options TextSpeed Slow,Αργή
Options TextSpeed Normal,Κανονική
Options TextSpeed Fast,Γρήγορη
Options TextSpeed Instant,Άμεση
OptionsHint TextSpeedInter,Πόσο γρήγορα εμφανίζεται το κείμενο στους διαλόγους και στις σκηνές.
Results Difficulty,Δυσκολία
Options Difficulty,Δυσκολία μάχης
OptionsHint DifficultyInter,Ρύθμιση της δυσκολίας στις μάχες.
Options DEasy,Χαλαρό
Options DNormal,Κανονικό
Options DHard,Επιβίωση
OptionsHint DEasy,Για πιο χαλαρό παιχνίδι. Οι εχθροί κάνουν λιγότερη ζημιά και πεθαίνουν πιο γρήγορα.
OptionsHint DNormal,Κανονική δυσκολία. Προτείνεται για το πρώτο παιχνίδι. 
OptionsHint DHard,Για έμπειρους φίλους του survival horror. Οι εχθροί κάνουν περισσότερη ζημιά και σκοτώνονται πιο δύσκολα.
Options Fullscreen,Πλήρης οθόνη
Options Windowed,Παράθυρο
Options Borderless,Χωρίς περίγραμμα
OptionsFittingTester,"Πλέγμα αναφοράς pixel
Όλα τα κουτιά πρέπει να είναι τετράγωνα και γεμάτα με ομοιόμορφο καρό."
Options Defaults,ΠΡΟΕΠΙΛΟΓΕΣ
Options Back,ΠΙΣΩ
Options Done,Τέλος
Options Controls,Χειρισμός
Options ApplyWarning,Υπάρχουν ρυθμίσεις που δεν εφαρμόστηκαν.
Options Apply,ΕΦΑΡΜΟΓΗ
Options Bailout,Να κρατηθούν αυτές οι ρυθμίσεις;
Options BailoutAccept,Ναι
Options BailoutReject,Όχι
OptionHoldToClear,Κρατήστε για διαγραφή
OptionClearing,Διαγραφή δεδομένων…
OptionCleared,Τα δεδομένα διαγράφηκαν.
OptionsHint TabHeaderDummy,Οι προτεινόμενες ρυθμίσεις φαίνονται με <color=#00AEEA>μπλε</color>.
OptionsHint ApplyCollider,Εφαρμογή των ρυθμίσεων που δεν αποθηκεύτηκαν.
OptionsHint DefaultsCollider,Επαναφέρει ΟΛΕΣ τις ρυθμίσεις στις προτεινόμενες τιμές.
OptionsHint BackCollider,Επιστροφή στο μενού.
OptionsHint BackCalibrate,Ολοκλήρωση βαθμονόμησης.
OptionsHint AutoLoadInter,Γεμίζει αυτόματα το τωρινό όπλο όταν πυροβολείτε με άδειο γεμιστήρα.
OptionsHint AutoLoadOn,Το αυτόματο γέμισμα μπορεί να ξεκινήσει σε επικίνδυνη στιγμή.
OptionsHint AutoLoadOff,Εσείς αποφασίζετε πότε θα γεμίσετε το όπλο.
OptionsHint AutoTaserOn,"Όταν δεν κρατάτε άλλο εργαλείο, το πλήκτρο εργαλείου κοντά σε εχθρούς παίρνει στο χέρι τα διαθέσιμα ραβδιά ηλεκτροσόκ."
OptionsHint AutoTaserOn PS,"Όταν δεν κρατάτε άλλο εργαλείο, το κουμπί εργαλείου κοντά σε εχθρούς παίρνει στο χέρι τα διαθέσιμα ραβδιά ηλεκτροσόκ."
OptionsHint AutoTaserOn XB,"Όταν δεν κρατάτε άλλο εργαλείο, το κουμπί εργαλείου κοντά σε εχθρούς παίρνει στο χέρι τα διαθέσιμα ραβδιά ηλεκτροσόκ."
OptionsHint AutoTaserOn NS,"Όταν δεν κρατάτε άλλο εργαλείο, το κουμπί εργαλείου κοντά σε εχθρούς παίρνει στο χέρι τα διαθέσιμα ραβδιά ηλεκτροσόκ."
OptionsHint AutoTaserOff,Αποτρέπει την κατά λάθος χρήση των ραβδιών ηλεκτροσόκ.
OptionsHint TaserInter,Παίρνει αυτόματα στο χέρι τα διαθέσιμα ραβδιά ηλεκτροσόκ όταν χρειάζεται.
OptionsHint RumbleControllerInter,Η ένταση της δόνησης του χειριστηρίου.
OptionsHint RumbleControllerInter PS,Η ένταση της δόνησης.
OptionsHint RumbleControllerInter XB,Η ένταση της δόνησης.
OptionsHint RumbleControllerInter NS,Η ένταση της δόνησης.
OptionsHint ShakeControllerInter,Η ένταση του κουνήματος της οθόνης.
OptionsHint LanguageInter,Μεγάλες τρύπες σκάβονται κρυφά εκεί που θα έφταναν οι πόροι της γης…
OptionsHint ClearDataInter,Κρατήστε για να διαγράψετε όλα τα αποθηκευμένα δεδομένα. Αυτό δεν αναιρείται!
OptionsHint ScaleControllerInter,"Ρύθμιση της μεγέθυνσης των pixel. Στο Auto, χρησιμοποιείται η μεγαλύτερη μεγέθυνση που επιτρέπει η ανάλυσή σας."
OptionsHint FitControllerInter,"Ρύθμιση του τρόπου που η εικόνα γεμίζει την οθόνη. Για την καλύτερη εικόνα, επιλέξτε Pixel Perfect."
OptionsHint FogControllerInter,"Αν απενεργοποιήσετε την ογκομετρική ομίχλη, το παιχνίδι μπορεί να τρέχει καλύτερα σε παλιά συστήματα, αλλά η εικόνα θα είναι χειρότερη."
OptionsHint ReflexControllerInter,"Αν απενεργοποιήσετε τις αντανακλάσεις, το παιχνίδι μπορεί να τρέχει καλύτερα σε παλιά συστήματα, αλλά η εικόνα θα είναι χειρότερη."
OptionsHint VeilControllerInter,"Αν απενεργοποιήσετε τα σύνθετα εφέ των εχθρών, το παιχνίδι μπορεί να τρέχει καλύτερα σε παλιά συστήματα, αλλά η εικόνα θα είναι χειρότερη."
OptionsHint DecalControllerInter,"Αν απενεργοποιήσετε τα σύνθετα λέιζερ, το παιχνίδι μπορεί να τρέχει καλύτερα σε παλιά συστήματα, αλλά η εικόνα θα είναι χειρότερη."
OptionsHint GrainControllerInter,Προτείνεται να απενεργοποιήσετε το film grain αν καταγράφετε ή μεταδίδετε το παιχνίδι.
OptionsHint CRTControllerInter Console,Για απόλυτη ρετρό εμπειρία. Χρειάζεται ανάλυση 1080p ή μεγαλύτερη.
OptionsHint DisplayControllerInter,Επιλέξτε την οθόνη στην οποία θα εμφανίζεται το παιχνίδι.
OptionsHint ResolutionControllerInter,Ρύθμιση της ανάλυσης του παιχνιδιού. Βάλτε την αρχική ανάλυση της οθόνης σας.
OptionsHint WindowedControllerInter,Εναλλαγή ανάμεσα σε πλήρη οθόνη και παράθυρο.
OptionsHint VsyncControllerInter,"Το V-Sync μπορεί να μειώσει το «σκίσιμο» της εικόνας, αλλά ρίχνει λίγο την απόδοση."
OptionsHint BrightnessControllerInter,Ρυθμίστε τη φωτεινότητα ώστε το μεσαίο έμβλημα μόλις να φαίνεται.
OptionsHint Language,Η γλώσσα του παιχνιδιού.
OptionsHint MasterVol,Η συνολική ένταση του παιχνιδιού.
OptionsHint MusicVol,Η ένταση της μουσικής.
OptionsHint SfxVol,Η ένταση των ηχητικών εφέ.
OptionsHint Apply,Εφαρμογή αλλαγών.
OptionsHint Controls,Αλλαγή πλήκτρων.
OptionsHint Cancel,Οι ρυθμίσεις που δεν εφαρμόστηκαν θα χαθούν.
OptionsHint VolMasterControllerInter,Η συνολική ένταση όλου του ήχου του παιχνιδιού.
OptionsHint VolMusicControllerInter,Η ένταση της μουσικής του παιχνιδιού.
OptionsHint VolSFXControllerInter,"Η ένταση των ηχητικών εφέ (πυροβολισμοί, βήματα κ.λπ.)"
OptionsHint VolRadioControllerInter,Η ένταση της ενότητας ραδιοφώνου.
OptionsHint CStyleControllerInter,Ρύθμιση του τρόπου κίνησης.
OptionsHint TankControl,Η κίνηση είναι σε σχέση με τον χαρακτήρα (π.χ. το πάνω κινεί μπροστά).
OptionsHint RelativeControl,Η κίνηση είναι σε σχέση με την κάμερα (π.χ. το πάνω κινεί προς τα πάνω στην οθόνη).
OptionsHint RStyleControllerInter,Ρύθμιση του πλήκτρου τρεξίματος.
OptionsHint RStyleControllerInter PS,Ρύθμιση του κουμπιού τρεξίματος.
OptionsHint RStyleControllerInter XB,Ρύθμιση του κουμπιού τρεξίματος.
OptionsHint RStyleControllerInter NS,Ρύθμιση του κουμπιού τρεξίματος.
OptionsHint AStyleControllerInter,Ρύθμιση του πλήκτρου σκόπευσης.
OptionsHint AStyleControllerInter PS,Ρύθμιση του κουμπιού σκόπευσης.
OptionsHint AStyleControllerInter XB,Ρύθμιση του κουμπιού σκόπευσης.
OptionsHint AStyleControllerInter NS,Ρύθμιση του κουμπιού σκόπευσης.
OptionsHint SwapControllerInter,Αλλάζει θέση στο αριστερό και δεξί stick όταν σημαδεύετε (δε λειτουργεί με το στυλ «Tank» ή τη γρήγορη σκόπευση).
OptionsHint SwapControllerInter PS,Αλλάζει θέση στο αριστερό και δεξί stick όταν σημαδεύετε (δε λειτουργεί με το στυλ «Tank» ή τη γρήγορη σκόπευση).
OptionsHint SwapControllerInter XB,Αλλάζει θέση στο αριστερό και δεξί stick όταν σημαδεύετε (δε λειτουργεί με το στυλ «Tank» ή τη γρήγορη σκόπευση).
OptionsHint SwapControllerInter NS,Αλλάζει θέση στο αριστερό και δεξί stick όταν σημαδεύετε (δε λειτουργεί με το στυλ «Tank» ή τη γρήγορη σκόπευση).
OptionsHint MouseAimSensControllerInter,Η ευαισθησία του ποντικιού στις σκηνές πρώτου προσώπου και όταν ο δείκτης φαίνεται μόνο στη σκόπευση.
OptionsHint QRadioControllerInter,Ρύθμιση του πλήκτρου ενοτήτων.
OptionsHint QRadioControllerInter PS,Ρύθμιση του κουμπιού ενοτήτων.
OptionsHint QRadioControllerInter XB,Ρύθμιση του κουμπιού ενοτήτων.
OptionsHint QRadioControllerInter NS,Ρύθμιση του κουμπιού ενοτήτων.
OptionsHint KBLayoutControllerInter,Ρύθμιση του στυλ χειρισμού του πληκτρολογίου.
OptionsHint CLayoutControllerInter,Ρύθμιση του στυλ χειρισμού του χειριστηρίου.
OptionsHint CLayoutControllerInter PS,Ρύθμιση του στυλ χειρισμού.
OptionsHint CLayoutControllerInter XB,Ρύθμιση του στυλ χειρισμού.
OptionsHint CLayoutControllerInter NS,Ρύθμιση του στυλ χειρισμού.
Qradio ON,Το πλήκτρο ενοτήτων ανοίγει και κλείνει απευθείας το ραδιόφωνο.
Qradio ON PS,Το κουμπί ενοτήτων ανοίγει και κλείνει απευθείας το ραδιόφωνο.
Qradio ON XB,Το κουμπί ενοτήτων ανοίγει και κλείνει απευθείας το ραδιόφωνο.
Qradio ON NS,Το κουμπί ενοτήτων ανοίγει και κλείνει απευθείας το ραδιόφωνο.
Qradio OFF,Το πλήκτρο ενοτήτων ανοίγει την οθόνη ενοτήτων.
Qradio OFF PS,Το κουμπί ενοτήτων ανοίγει την οθόνη ενοτήτων.
Qradio OFF XB,Το κουμπί ενοτήτων ανοίγει την οθόνη ενοτήτων.
Qradio OFF NS,Το κουμπί ενοτήτων ανοίγει την οθόνη ενοτήτων.
OptionsON,ON
OptionsOFF,OFF
Menu LoadProgress,Φόρτωση προόδου
Menu File01,ΑΡΧΕΙΟ 01
Menu File02,ΑΡΧΕΙΟ 02
Menu File03,ΑΡΧΕΙΟ 03
Menu File04,ΑΡΧΕΙΟ 04
Menu NewGame,Νέα αρχή
Menu Cancel,Άκυρο
Menu SaveProgress,Αποθήκευση προόδου
Menu PopLoadFile,"ΦΟΡΤΩΣΗ ΑΡΧΕΙΟΥ {0:00};
{1} / {2}"
Menu PopNoFile,"ΔΕΝ ΥΠΑΡΧΟΥΝ ΑΠΟΘΗΚΕΥΜΕΝΑ ΔΕΔΟΜΕΝΑ ΣΤΟ ΑΡΧΕΙΟ {0:00}.
ΝΕΑ ΑΡΧΗ;"
Menu PopStartNew,"ΝΑ ΞΕΚΙΝΗΣΕΙ ΑΠΟ ΤΗΝ ΑΡΧΗ;
ΔΕ ΘΑ ΧΑΘΕΙ ΠΡΟΟΔΟΣ ΜΕΧΡΙ ΝΑ ΑΠΟΘΗΚΕΥΣΕΤΕ."
Menu PopSaveFile,"Το ΑΡΧΕΙΟ {0:00} έχει ήδη αποθηκευμένα δεδομένα.
Να αντικατασταθούν;"
Menu PopSaveNew,ΑΠΟΘΗΚΕΥΣΗ ΠΡΟΟΔΟΥ ΣΤΟ ΑΡΧΕΙΟ {0:00};
Menu PopSaveCancel,Συνέχεια χωρίς αποθήκευση;
Slot NoData,ΚΑΝΕΝΑ ΔΕΔΟΜΕΝΟ
Menu SaveCancel,Συνέχεια χωρίς αποθήκευση
Menu Saved,Η πρόοδος αποθηκεύτηκε στο αρχείο {0:00}.
Menu NotSaved,Θα το μετανιώσεις αργότερα.
Menu Saving,Αποθήκευση προόδου στο αρχείο {0:00}…
Yes,Ναι
No,Όχι
Minimap Penrose,Penrose-512
Minimap Sierpinski,Εγκατάσταση AEON S-23 「Sierpinski」
Minimap Memory,Penrose-512
Minimap Rotfront,Rotfront
Minimap Unknown,[ Άγνωστη τοποθεσία ]
Minimap PEN_LowerDeck,Κάτω κατάστρωμα
Minimap PEN_UpperDeck,Πάνω κατάστρωμα
Minimap PEN_Exterior,Άγνωστος πλανήτης
Minimap DET_Detention,B2 - Καταλύματα εργατών
Minimap BIO_Corrupted,B2a - Επικοινωνίες
Minimap MED_UpperMedical,B3 - Νέα ιατρική πτέρυγα
Minimap MED_LowerMedical,B4 - Παλιά ιατρική πτέρυγα
Minimap RES_4F,B5 - Επίπεδο υπηρεσιών
Minimap RES_3F,B6 - Καταλύματα προσωπικού
Minimap RES_2F,B7 - Καταλύματα Protektor
Minimap RES_1F,B8 - Καταλύματα Controller
Minimap EXC_DigSite,Χώρος ανασκαφής
Minimap MEM_LowerDeck,Κάτω κατάστρωμα
Minimap MEM_UpperDeck,Πάνω κατάστρωμα
Minimap MEM_Vineta,Vineta
Minimap ROT_UBahn,Σταθμός μετρό
Minimap ROT_Apartments,Διαμερίσματα (πάνω όροφος)
Minimap ROT_GroundFloor,Διαμερίσματα (ισόγειο)
Minimap Nowhere,Πουθενά
Minimap NoMapData,Δεν υπάρχει χάρτης
NO LOCATION,ΚΑΜΙΑ ΤΟΠΟΘΕΣΙΑ
PEN_CrashSite,Penrose-512
DET_Detention,Εργάτες
MED_Medical,Νοσοκομείο
RES_Residential,Protektor
EXC_Mines,Ανασκαφή
LAB_Labyrinth,Πουθενά
ROT_Rotfront,Rotfront
BOS_Adler,Τέλος
END_End,Πουθενά
SaveRoom UNKNOWN ROOM,ΑΓΝΩΣΤΟ ΔΩΜΑΤΙΟ
SaveRoom Staff Room,Γραφείο προσωπικού
SaveRoom Save Room,Πρώτες βοήθειες
SaveRoom Reception,Υποδοχή
SaveRoom Surgery,Χειρουργείο
SaveRoom Flooded Office,Πλημμυρισμένο γραφείο
SaveRoom Maintenance Office,Γραφείο συντήρησης
SaveRoom Piano Room,Δωμάτιο με πιάνο
SaveRoom Mining Office,Σταθμός εξόρυξης
SaveRoom Unknown Place,Άγνωστο μέρος
SaveRoom Classroom,Αίθουσα
SaveRoom Bedroom,Μέσα
SaveRoom Blockwart,Υπνοδωμάτιο
SaveRoom Computer Store,Κατάστημα υπολογιστών
SaveRoom Home,Σπίτι
StartupDisclaimer,Κάποια σημεία αυτού του παιχνιδιού μπορεί να θεωρηθούν βίαια ή σκληρά.
StartupController,"Χειριστήριο και ακουστικά
προτείνονται ανεπιφύλακτα"
FotoTake,Λήψη φωτογραφίας
FotoReview,Προβολή φωτογραφιών
CalibrationSuccess,Το σύστημα βαθμονομήθηκε.
Photosensitivity,"<style=red>ΠΡΟΕΙΔΟΠΟΙΗΣΗ ΦΩΤΟΕΥΑΙΣΘΗΣΙΑΣ</style>
Μερικοί άνθρωποι μπορεί να νιώσουν ενόχληση ή να πάθουν κρίσεις όταν βλέπουν ορισμένα φώτα, σχέδια ή εικόνες.
Αν νιώσετε οποιοδήποτε ασυνήθιστο σύμπτωμα ενώ παίζετε, σταματήστε αμέσως το παιχνίδι."
ProfileSelect,Επιλογή προφίλ
ProfileWarning,"Διαγραφή όλων των αποθηκευμένων δεδομένων
<style=red>Αυτό δεν αναιρείται!</style>"
ProfileProfile,Προφίλ
ProfileNew,Νέο προφίλ
ProfileDelete,Διαγραφή προφίλ
ProfileDeleteEnd,Ακύρωση διαγραφής
ProfileDeleteHint,Επιλέξτε προφίλ και κρατήστε για διαγραφή.
ProfileDeleting,Διαγραφή…
Press any key,Πατήστε οποιοδήποτε πλήκτρο
Press any key Console,Πατήστε οποιοδήποτε κουμπί
Press any key PS,Πατήστε οποιοδήποτε κουμπί
Press any key XB,Πατήστε οποιοδήποτε κουμπί
Press any key NS,Πατήστε οποιοδήποτε κουμπί
HoldToProfiles,Κρατήστε οποιοδήποτε πλήκτρο για αλλαγή προφίλ
HoldToProfiles Console,Κρατήστε οποιοδήποτε κουμπί για αλλαγή προφίλ
HoldToProfiles PS,Κρατήστε οποιοδήποτε κουμπί για αλλαγή προφίλ
HoldToProfiles XB,Κρατήστε οποιοδήποτε κουμπί για αλλαγή προφίλ
HoldToProfiles NS,Κρατήστε οποιοδήποτε κουμπί για αλλαγή προφίλ
PauseMenuPause,Παύση
PauseMenuContinue,Συνέχεια
PauseMenuOptions,Ρυθμίσεις
PauseMenuQuit,Έξοδος
PauseMenuWarning,Η πρόοδος που δεν αποθηκεύτηκε θα χαθεί.
PauseMenuWarningKill,Έξοδος στην επιφάνεια εργασίας
PauseMenuWarningYes,Επιστροφή στο μενού
PauseMenuWarningNo,Άκυρο
ResultsHoldTo,Κρατήστε οποιοδήποτε πλήκτρο για συνέχεια
ResultsHoldTo PS,Κρατήστε οποιοδήποτε κουμπί για συνέχεια
ResultsHoldTo XB,Κρατήστε οποιοδήποτε κουμπί για συνέχεια
ResultsHoldTo NS,Κρατήστε οποιοδήποτε κουμπί για συνέχεια
ResultsHoldTo Console,Κρατήστε οποιοδήποτε κουμπί για συνέχεια
ResultsAnyKey,Πατήστε οποιοδήποτε πλήκτρο για συνέχεια
ResultsAnyKey Console,Πατήστε οποιοδήποτε κουμπί για συνέχεια
ResultsTime,Συνολικός χρόνος παιχνιδιού
ResultsActTime,Συνολικός ενεργός χρόνος
ResultsSaves,Αποθηκεύσεις
ResultsLoads,Φορτώσεις
ResultsDeaths,Θάνατοι
ResultsSaveInterval,Μέσος χρόνος ανάμεσα σε αποθηκεύσεις
ResultsImpressive,ΕΝΤΥΠΩΣΙΑΚΟ
ResultsDamage,Ζημιά που δέχτηκε
ResultsHeal,Συνολική θεραπεία
ResultsPhoenix,Γλίτωσε τον θάνατο
ResultsKills,Εχθροί που σκοτώθηκαν
ResultsShots,Πυροβολισμοί
ResultsEnd,Τέλος
ResultsEnd0,Μνήμη
ResultsEnd1,Τεχνούργημα
ResultsEnd2,Υπόσχεση
ResultsEnd3,Αναχώρηση
Console Corrupt,Τα αποθηκευμένα δεδομένα χάλασαν και δεν μπόρεσαν να επανέλθουν. Η χαλασμένη αποθήκευση διαγράφεται.
Console Restore,Η χαλασμένη αποθήκευση επανήλθε από αντίγραφο ασφαλείας.
Console Fuckedup,Υπήρξε πρόβλημα με τα αποθηκευμένα δεδομένα.
Console LoggedOut,"Συνδεθείτε στον λογαριασμό Xbox σας για να συνεχίσετε το παιχνίδι.
Αν συνδεθείτε σε άλλο λογαριασμό, η τωρινή πρόοδος θα χαθεί.
Πατήστε το κουμπί «επιβεβαίωση/enter/συνέχεια» για να συνδεθείτε."
Console LoggedOutNick XB,Αποσυνδεδεμένο Gamertag χρήστη
Console LoggedOutNick,Αποσυνδεδεμένο προφίλ
Console SignIn,Σύνδεση
Console SignIn XB,Συνδεθείτε στον λογαριασμό Xbox σας για να συνεχίσετε το παιχνίδι
Console ReLogWarn,"Συνδεθείτε στον λογαριασμό σας για να συνεχίσετε το παιχνίδι. Αν συνδεθείτε σε άλλο λογαριασμό, η τωρινή πρόοδος θα χαθεί"
Console RelogPrompt,Πατήστε {0} για σύνδεση
Interaction Interact,Αλληλεπίδραση
Interaction Inspect,Εξέταση
Interaction Move,Μετακίνηση
Interaction Open,Άνοιγμα
Interaction Take,Λήψη
Input Move,Κίνηση
Input Aim,Σκόπευση (κράτημα)
Input Sprint,Τρέξιμο
Input Back,Πίσω
Input Exit,Έξοδος
Input TurnPage,Γύρισμα σελίδας
Input Map,Χάρτης
Input Inventory,Αντικείμενα
Input ToggleAimAssist,Βοήθεια σκόπευσης on/off
Input AimStop,Κατέβασμα (άφημα)
Input Fire,Βολή όπλου
Input Reload,Γέμισμα
Move Horizontal,Οριζόντια κίνηση
Move Right,Κίνηση δεξιά
Move Left,Κίνηση αριστερά
Move Vertical,Κάθετη κίνηση
Move Up,Κίνηση πάνω
Move Down,Κίνηση κάτω
Aim Horizontal,Οριζόντια σκόπευση
Aim Vertical,Κάθετη σκόπευση
Tune Radio,Συντονισμός ραδιοφώνου
Tune Right,Συχνότητα δεξιά
Tune Left,Συχνότητα αριστερά
Interact,Αλληλεπίδραση
Inventory,Αντικείμενα
Map,Χάρτης
Run,Τρέξιμο (κράτημα)
Aim Mode,Σκόπευση (κράτημα)
Attack,Επίθεση
Reload,Γέμισμα
Toggle Radio,Ραδιόφωνο on/off
Rebind Gamepad,Αλλαγή κουμπιών χειριστηρίου.
Rebind Keyboard,Αλλαγή πλήκτρων πληκτρολογίου.
Rebind IconStyle,Στυλ εικονιδίων (μόνο για χειριστήρια xinput.)
Rebind PrevGamepad,Προηγούμενο χειριστήριο.
Rebind NextGamepad,Επόμενο χειριστήριο.
Rebind MoveHori,Άξονας κίνησης αριστερά-δεξιά.
Rebind MoveRight,Κινεί τον χαρακτήρα δεξιά (σε σχέση με την οθόνη).
Rebind MoveLeft,Κινεί τον χαρακτήρα αριστερά (σε σχέση με την οθόνη).
Rebind MoveVert,Άξονας κίνησης πάνω-κάτω.
Rebind MoveDown,Κινεί τον χαρακτήρα προς τα κάτω (σε σχέση με την οθόνη).
Rebind MoveUp,Κινεί τον χαρακτήρα προς τα πάνω (σε σχέση με την οθόνη).
Rebind AimHori,Σκόπευση οριζόντια (σε σχέση με την οθόνη).
Rebind AimVert,Σκόπευση κάθετα (σε σχέση με την οθόνη).
Rebind Use,"Το βασικό πλήκτρο για αλληλεπίδραση (χρήση, λήψη, εξέταση)."
Rebind Aim,Κρατήστε για να βγάλετε το όπλο.
Rebind Inventory,Ανοίγει και κλείνει την οθόνη αντικειμένων.
Rebind Sprint,Κρατήστε για να κινηθείτε πιο γρήγορα.
Rebind Fire,Πατήστε για να χρησιμοποιήσετε το όπλο ενώ σημαδεύετε.
Rebind Reload,Πατήστε για να γεμίσετε το όπλο ενώ σημαδεύετε.
Rebind Map,Ανοίγει την οθόνη του χάρτη.
Rebind Radio,Ανοίγει και κλείνει το ραδιόφωνο.
Rebind Tune,Άξονας συντονισμού ραδιοφώνου.
Rebind TuneRight,Πατήστε για να μετακινήσετε τη συχνότητα δεξιά.
Rebind TuneLeft,Πατήστε για να μετακινήσετε τη συχνότητα αριστερά.
Rebind Save,Αποθήκευση αλλαγών.
Rebind Reset,Επαναφορά όλων των πλήκτρων στις προεπιλογές.
Rebind Cancel,Οι αλλαγές που δεν αποθηκεύτηκαν θα χαθούν.
Rebind NoController,Δεν υπάρχει χειριστήριο
Rebind ConnectPrompt,"Συνδέστε ένα χειριστήριο
για να ορίσετε κουμπιά"
Rebind AssignPrompt,"Πατήστε πλήκτρο για ανάθεση
Πατήστε ESC για ακύρωση"
Help Move,Κίνηση
Help Interact,Αλληλεπίδραση
Help Run,Τρέξιμο
Help Inventory,Αντικείμενα
Help Map,Χάρτης
Help Modules,Ενότητες
Help Tune,Συντονισμός
Help Ready,Προετοιμασία όπλου
Help Fire,Βολή όπλου
Help Reload,Γέμισμα
Help Tool,Χρήση εργαλείου
Help Aim,Σκόπευση
Help Mouse,Ποντίκι
Help FireRun,Βολή όπλου / Τρέξιμο
Name ELSTER,ELSTER
Name STAR,STAR
Name GESTALT,GESTALT
Name ISA,ISA
Name ARIANE,ARIANE
Name ADLER,ADLER
Name FALKE,FALKE
Name STORCH,STORCH
Name EULE,EULE
Name KOLIBRI,KOLIBRI
Name MYNAH,MYNAH
Name BEO,BEO
Name ARAR,ARA
PEN_Intro_Wake,ξύπνα.
PEN_Opening_Wake,ΞΥΠΝΑ
PEN_Opening_Send,ΠΡΟΕΤΟΙΜΑΣΙΑ ΑΠΟΣΤΟΛΗΣ ΜΗΝΥΜΑΤΟΣ
PEN_Opening_Holes,"ΜΕΓΑΛΕΣ ΤΡΥΠΕΣ ΣΚΑΒΟΝΤΑΙ ΚΡΥΦΑ
ΕΚΕΙ ΠΟΥ ΘΑ ΕΦΤΑΝΑΝ ΟΙ ΠΟΡΟΙ ΤΗΣ ΓΗΣ"
PEN_Opening_Crawl,"ΚΑΙ ΠΡΑΓΜΑΤΑ ΕΜΑΘΑΝ ΝΑ ΠΕΡΠΑΤΑΝΕ
ΕΝΩ ΘΑ ΕΠΡΕΠΕ ΝΑ ΣΕΡΝΟΝΤΑΙ"
PEN_Opening_Promise,ΘΥΜΗΣΟΥ ΤΗΝ ΥΠΟΣΧΕΣΗ ΜΑΣ
LOV_Star_1,"[STAR] …μια μονάδα Elster;
[STAR] Πρέπει να φύγεις από εδώ.
[STAR] Αυτή η εγκατάσταση έχει χαθεί.
[STAR] Γύρνα πίσω πριν είναι πολύ αργά."
LOV_Star_2,[Elster] Ψάχνω αυτή τη γυναίκα.
LOV_Star_3,[Elster] Την έχεις δει;
LOV_Star_4,"[STAR] Δεν την ξέρω, αλλά ίσως είναι μία από τις εργάτριες."
LOV_Star_5,"[STAR] Όλες οι εργάτριες Gestalt στάλθηκαν στο ορυχείο κάτω από την εγκατάσταση.
[STAR] Αν ζει ακόμα, μάλλον είναι εκεί κάτω."
LOV_Star_7,"[STAR] Υπάρχει ένας ανελκυστήρας για το φρεάτιο του ορυχείου ένα επίπεδο πιο κάτω, αλλά θα χρειαστείς το κλειδί του διαχειριστή για να τον χρησιμοποιήσεις."
LOV_Isa_1,"[Gestalt] Α, γεια."
LOV_Isa_2,"[Gestalt] Ούτε εσύ ανήκεις εδώ, έτσι;
[Gestalt] Είμαι η Isa.§Isa Itou.
[Isa] Πρέπει να προσέχεις. Κάτι δεν πάει καλά με αυτό το μέρος.
[Isa] Δεν ξέρω τι έγινε, αλλά μάλλον είναι επικίνδυνο να πας πιο πέρα.
[Elster] ...
[Isa] Δεν πειράζει, καταλαβαίνω.
[Isa] Έχω κι εγώ κάτι που πρέπει να κάνω.
[Isa] Να προσέχεις.
[Isa] Ελπίζω να βρεις αυτήν που ψάχνεις."
MED_Adler_7,"[Adler] Μια επισκέπτρια.
[Adler] Καλώς ήρθες στην εγκατάστασή μας."
MED_Adler_9,"[Adler] Μας βρήκες σε δύσκολη στιγμή.
[Adler] Πώς μπορώ να βοηθήσω;"
MED_Adler_10,[Elster] Ψάχνω μια Gestalt.
MED_Adler_11,"[Adler] Μια εργάτρια της εγκατάστασής μας;
[Adler] Δείξε μου αυτή τη φωτογραφία."
MED_Adler_12,"[Adler] Alina Seo.
[Adler] Νομίζω ότι είναι μία από τις εργάτριες του εργοστασίου μας.
[Adler] Όμως…"
MED_Adler_13,[Adler] Δεν έπρεπε να γυρίσεις.
MED_Adler_16,ένα όνειρο για ένα όνειρο
EXC_Fight_2,[Adler] Ξέρω ότι είσαι εδώ.
EXC_Fight_3,[Adler] Το έχω κάνει αυτό αμέτρητες φορές.
EXC_Fight_4,[Adler] Δεν ανήκεις εδώ.
LAB_Gate_3,"[Adler] Είναι αδύνατον να προχωρήσεις.
[Adler] Έχω έρθει εδώ τόσες φορές, αλλά δεν έχω γυρίσει ποτέ.
[Adler] Η Διοικήτρια δε μίλησε ποτέ για όσα είδε εκεί έξω."
LAB_Gate_5,"[Adler] Είμαι σίγουρος ότι, ό,τι κι αν ήταν, αυτό την αρρώστησε.
[Adler] Κάτι πάνω της άλλαξε όταν γύρισε.
[Adler] Δεν ήταν πια η αγαπημένη μας Ηγέτιδα Falke.
[Adler] Τι περιμένει πέρα από το κατώφλι;"
LAB_Gate_6,[Elster] Δεν έχει σημασία.
LAB_Gate_7,Στο τέλος.
LAB_Gate_8,Ο δρόμος για το σπίτι.
LAB_Gate_9,Περιμένω.
LAB_Crash_1,"Πέρα από την πύλη,"
LAB_Crash_1b,κενό.
LAB_Crash_2,Ποια είσαι;
LAB_Crash_3,Έλα πιο κοντά.
LAB_Crash_4,Σε περίμενα.
LAB_Crash_5,Εσένα.
LAB_Crash_6,Εμάς.
LAB_Crash_7,Θυμήσου
LAB_Crash_8,Θυμήσου την υπόσχεσή μας.
LAB_Crash_9,Μη φοβάσαι.
LAB_Crash_10,Ξύπνα.
LAB_Crash_11,Τι ψάχνεις;
LAB_Crash_Wake,Ξύπνα
MEM_Ariane_2,"[Ariane] Elster!
[Ariane] Ξύπνησες!"
MEM_Ariane_3,"[Ariane] Μου έλειψες.
[Elster] Κι εμένα μου έλειψες.
[Ariane] Α, σήμερα κλείνουμε 3000 κύκλους μαζί!
[Ariane] Αργότερα θα πάρουμε τις νέες παραμέτρους της αποστολής, οπότε σκέφτηκα να το γιορτάσουμε.
[Ariane] Περίμενε, να βάλω λίγη μουσική!"
MEM_Promise_4,ΘΥΜΑΣΑΙ ΤΗΝ ΥΠΟΣΧΕΣΗ ΜΑΣ;
MEM_Repair_5,ΕΔΩΣΑ ΜΙΑ ΥΠΟΣΧΕΣΗ.
MEM_Repair_7,ΘΑ ΚΑΝΩ ΟΤΙΔΗΠΟΤΕ.
BIO_Vineta_4,[Adler] Έχεις αλλάξει.
BIO_Vineta_6,"[Adler] Είναι σαν να διαλύθηκαν όλα
[Adler] και να τα ξαναμόνταρε
[Adler] κάποιος που δεν καταλαβαίνει πώς δουλεύουν."
BIO_Vineta_8,[Adler] Δε φοράω μάσκα.
BIO_Vineta_12,"Και τώρα,"
ROT_Isa_2,"[Isa] Δεν μπόρεσα να τη βρω…
[Isa] Έψαξα παντού,
[Isa] αλλά δεν είναι πια εδώ.
[Isa] Δεν μπορώ να συνεχίσω.
[Isa] Συγγνώμη…"
ROT_Isa_3,Συγχώρεσέ με.
END_Falke_4,"[Falke] Γιατί γύρισες;
[Falke] Δεν υπάρχει τίποτα για σένα εδώ."
END_Falke_4a,"[Falke] Δε θα χορέψει ποτέ ξανά μαζί μας,
[Falke] ό,τι κι αν κάνουμε.
[Falke] Δε μας θέλει καν πια."
END_Falke_3,"[Falke] Και οι δύο μας είμαστε ελλιπείς.
[Falke] Ας γίνουμε πάλι ολόκληρες."
END_Promise_2a,[Falke] Τώρα είμαστε ένα.
END_Adler_1,[Adler] Γύρισες.
END_Adler_2,"[Adler] Είσαι σίγουρη ότι θέλεις να το κάνεις άλλη μια φορά;
[Adler] Έχεις δει τι συμβαίνει.
[Adler] Αυτός ο κόσμος δεν αντέχει πολλά ακόμα.
[Adler] Μπορεί να είναι η τελευταία μας ευκαιρία."
END_Adler_4,"[Adler] Αν γυρίσεις πίσω,
[Adler] όλα θα καταρρεύσουν.
[Adler] Δεν μπορώ να το αφήσω να γίνει."
END_Adler_9,[Adler] ...θα καταστρέψεις τα πάντα.
END_Adler_9_Leave,"[Adler] Εγωίστρια, τέρας.
[Adler] Δεν μπορείς απλώς να φύγεις."
END_Adler_9_Death,[Adler] Θα μας σκοτώσεις όλους.
END_Circle_4,[Elster] Γύρισα για σένα.
END_Circle_6,[Ariane] …ποια είσαι;
END_Circle_7,"[Elster] Εγώ είμαι, η Elster…"
END_Circle_8,[Ariane] …Elster;
END_Circle_8a,"[Ariane] Συγγνώμη, αλλά δε θυμάμαι."
END_Circle_9,[Elster] Δεν πειράζει.
END_Circle_10,"[Elster] Σε παρακαλώ,
[Elster] άσε με να μείνω δίπλα σου
[Elster] λίγο ακόμα."
END_Death_4,[Ariane] Elster.
END_Death_6,[Elster] ...δεν μπορώ να το κάνω.
END_Death_7,"[Ariane] Πρέπει να το κάνεις.
[Ariane] Ήρθε η ώρα να τελειώσει αυτό."
END_Death_8,[Ariane] Σε παρακαλώ.
END_Death_10,Συγγνώμη…
END_Death_11,Σ' ευχαριστώ
END_Leave_1,"Στο τέλος,
χρειάστηκε να σε
αφήσω πίσω."
END_Leave_2,"Ήθελα να σε ξαναδώ,"
END_Leave_3,αλλά είναι πάρα πολύ.
END_Leave_4,Συγχώρεσέ με.
LAB_Credits End,« ΤΕΛΟΣ »
LOV_Star_NPC1,"[STAR] Θα φύγω από εδώ μόλις αυτό το επίθεμα επισκευής σταματήσει την αιμορραγία μου.
[STAR] Πρέπει να φύγεις κι εσύ.
[STAR] Δεν ξέρω ποια είναι αυτή η γυναίκα, αλλά μάλλον είναι ήδη νεκρή.
[STAR] Αν θέλεις ακόμα να πας, καλή τύχη."
LOV_Star_NPC2,"[STAR] Υπάρχει ένας ανελκυστήρας για το φρεάτιο του ορυχείου ένα επίπεδο πιο κάτω, αλλά θα χρειαστείς το κλειδί του διαχειριστή για να τον χρησιμοποιήσεις.
[STAR] Αν ζει ακόμα, μάλλον είναι εκεί κάτω."
LOV_Star_NPC3,"[STAR] Δεν είσαι Protektor, οπότε δεν μπορώ να σου πω τίποτα παραπάνω.
[STAR] Θα μας απέσυραν και τις δύο."
LOV_Star_NPC4,[STAR] Θα φύγω από εδώ μόλις αυτό το επίθεμα επισκευής σταματήσει την αιμορραγία μου.
DET_Isa_1,"[Isa] Α, πάλι εσύ!
[Isa] Χαίρομαι που είσαι ακόμα καλά.
[Isa] Βρήκες αυτήν που ψάχνεις;"
DET_Isa_2,"[Isa] Κι εγώ ψάχνω κάποια…
[Isa] Την αδερφή μου.
[Isa] Αν τη δεις, θα της πεις ότι την ψάχνω;
[Isa] Μην ανησυχείς, θα την αναγνωρίσεις όταν τη δεις."
DET_Isa_3,"[Isa] Έχεις αναρωτηθεί ποτέ αν μιλάς σε κάποιον για τελευταία φορά χωρίς να το ξέρεις;
[Isa] Μακάρι να μπορούσα να γυρίσω πίσω, για να πω κάτι άλλο."
DET_Isa_4,"[Isa] Αυτό το μέρος… είναι πολύ παράξενο, έτσι;
[Isa] Αναρωτιέμαι τι έγινε εδώ.
[Isa] Αλλά δεν έχει και τόση σημασία."
DET_Isa_5,"[Isa] Δε χρειάζεται να ανησυχείς για μένα.
[Isa] Μπορώ πια να φροντίσω τον εαυτό μου.
[Isa] Δεν μπορώ να στηρίζομαι συνέχεια στους άλλους.
[Isa] Γι' αυτό με άφησε, στο κάτω κάτω.
[Isa] Τώρα είμαι σίγουρη γι' αυτό."
DET_Storch_1,"[Storch] Δε μοιάζεις να ανήκεις εδώ.
[Storch] Είσαι μονάδα Elster, σωστά;
[Storch] Η εγκατάσταση είναι σε καραντίνα. Δεν πρέπει να είσαι εδώ."
DET_Storch_2,"[Storch] Είμαι η υπεύθυνη Protektor Controller σε αυτό το επίπεδο.
[Storch] Δεν ξέρω τι δουλειά έχεις εδώ,
[Storch] αλλά όπως βλέπεις, έχουμε μεγαλύτερα προβλήματα αυτή τη στιγμή."
DET_Storch_3,"[Storch] Αν ψάχνεις τη Διοικήτρια, έχω άσχημα νέα.
[Storch] Αρρώστησε, και αρρωσταίνουν και όλοι οι άλλοι."
DET_Storch_4,"[Storch] Αυτά είναι όλα όσα ξέρω.
[Storch] Σίγουρα ο Διαχειριστής ξέρει περισσότερα, αλλά ποιος ξέρει πού είναι."
DET_Storch_5,"[Storch] Δε βγαίνω εκεί έξω.
[Storch] Περιμένω εδώ για νέες διαταγές.
[Storch] Μέχρι τότε, δεν παίρνω κανένα ρίσκο."
MED_Nurse1,"[Eule] Όλοι έγιναν παράξενοι…
[Eule] Νομίζω ότι έμεινα μόνο εγώ.
[Eule] Θα αρρωστήσω κι εγώ σαν τους άλλους;"
MED_Nurse2,"[Eule] Φοβάμαι.
[Eule] Δε θέλω να πεθάνω."
MED_Nurse3,[Eule] Μου φαίνεσαι κάπως γνωστή… έχουμε γνωριστεί;
MED_Nurse4,"[Eule] Στην αρχή, μόνο η Διοικήτρια Falke αρρώστησε.
[Eule] Σιγά σιγά, όλοι άρχισαν να φέρονται παράξενα…"
MED_Nurse5,"[Eule] Φοβάμαι πολύ να βγω έξω.
[Eule] Δε θέλω να γίνω σαν τους άλλους."
MED_Nurse6,[Eule] Δε θέλω να πεθάνω.
RES_Libri_1,"[Kolibri] …
[Kolibri] Ποια είσαι;
[Kolibri] Δεν είσαι από το προσωπικό μας."
RES_Libri_2,"[Kolibri] Οι άλλες… άλλαξαν.
[Kolibri] Δεν τραγουδάμε πια με μία φωνή."
RES_Libri_3,"[Kolibri] Παλιά μπορούσα να δω μέσα στο μυαλό τους.
[Kolibri] Ήμασταν ένα.
[Kolibri] Μαζί, τις καθοδηγούσαμε όλες.
[Kolibri] Αλλά τώρα, δεν μπορώ πια να καταλάβω τις σκέψεις τους."
RES_Libri_4,"[Kolibri] Ποτέ δεν ήμουν τόσο μόνη.
[Kolibri] Αυτές είναι ακόμα μαζί, κι εγώ είμαι εδώ, απ' έξω. Και δε με αφήνουν να μπω.
[Kolibri] Δεν αντέχω πια το τραγούδι τους.
[Kolibri] Είναι το μόνο μέρος όπου δε χρειάζεται να τις ακούω.
[Kolibri] Είναι το μόνο μέρος όπου είμαι ασφαλής."
RES_Libri_5,"[Kolibri] Δεν μπορώ να συνεχίσω έτσι.
[Kolibri] Μακάρι να είχα γίνει κι εγώ σαν τις άλλες.
[Kolibri] Τουλάχιστον τότε δε θα ήμουν μόνη."
RES_Libri_6,[Kolibri] Το μισώ αυτό.
EXC_Miner_1,"[Mynah] Α. Γεια.
[Mynah] Δεν είσαι Protektor, έτσι;
[Mynah] Τι σε φέρνει εδώ;"
EXC_Miner_2,"[Mynah] Είμαι η Beo.
[Beo] Αν είσαι εδώ κάτω, μάλλον ψάχνεις κάτι…
[Beo] Θα σε βοηθούσα, αλλά χάλασε ένα από τα υδραυλικά μου και δεν μπορώ να κουνηθώ.
[Beo] Εγώ μάλλον τελείωσα, οπότε μπορείς να με αφήσεις εδώ."
EXC_Miner_3,"[Beo] Δεν έχει νόημα να επισκευάσεις μια παλιά μονάδα σαν εμένα, οπότε μην ανησυχείς, εντάξει;
[Beo] Θα ήταν σπατάλη πόρων."
EXC_Miner_4,"[Beo] Θα σου έδινα το λέιζερ εξόρυξής μου, αλλά δε νομίζω ότι το σώμα σου μπορεί να δώσει τόση ενέργεια.
[Beo] Μάλλον είναι καλύτερα να χρησιμοποιήσεις όπλο.
[Beo] Στο γραφείο εξόρυξης θα υπάρχει χρήσιμος εξοπλισμός. Είναι λίγο πιο νότια από εδώ."
EXC_Miner_5,"[Beo] Μην ανησυχείς για μένα. Υπάρχουν πολλές αντικαταστάτριες.
[Beo] Είμαστε απλώς Replika στο κάτω κάτω, έτσι δεν είναι;
[Beo] Στο τέλος, τι είναι μια σταγόνα στον ωκεανό;
[Beo] Όταν πεθάνω, απλώς θα φτιάξουν άλλη μία…
[Beo] …"
EXC_Miner_6,"[Beo] Σ' ευχαριστώ που μου μίλησες.
[Beo] Ελπίζω να βρεις αυτό που ψάχνεις."
EXC_Miner_8,[Beo] Αντίο.
EXC_Star_1,"[Star] Έλα, μην κλαις.
[Star] Σε λίγο θα τελειώσει.
[Eule] … "
EXC_Star_2,"[Star] Θυμάσαι τότε που πήγαμε στην επιφάνεια;
[Star] Τα αστέρια ήταν τόσο όμορφα…
[Star] Μακάρι να μπορούσαμε να ξαναπάμε.
[Eule] … "
EXC_Star_3,"[Star] Άκου.
[Star] Θα σου πω ένα μυστικό.
[Star] Θυμάμαι το όνομά μου,
[Star] από την παλιά μου ζωή.
[Star] Αστείο, έτσι;
[Eule] … "
EXC_Star_4,"[Star] Δε θες να το μάθεις;
[Star] Έλα, θα σου το πω.
[Star] Θα είναι το κοινό μας μυστικό.
[Star] Για να σταματήσεις να κλαις, εντάξει;"
EXC_Star_5,"[Star] Όλα θα πάνε καλά.
[Star] Όπου κι αν πηγαίνω,
[Star] θα σε περιμένω εκεί."
LAB_Isa1,"[Isa] Ουφ…
[Isa] Α, εσύ είσαι... η Elster… σωστά;
[Isa] Σ' ευχαριστώ για τη βοήθεια.
[Isa] Βρήκες αυτήν που έψαχνες;"
LAB_Isa2,"[Isa] Α, αυτό το τουφέκι...
[Isa] Δε νομίζω ότι θέλω να το ξαναχρησιμοποιήσω.
[Isa] Πάρ' το εσύ."
LAB_Isa3,"[Isa] Είμαι τόσο εξαντλημένη…
[Isa] Νιώθω άρρωστη."
LAB_Isa4,"[Isa] Δύσκολα αναπνέω...
[Isa] Ο αέρας εδώ είναι τόσο πηχτός, που λες ότι μπορείς να τον δαγκώσεις…"
LAB_Isa5,"[Isa] Είναι σαν να έχω ομίχλη μέσα στο κεφάλι μου…
[Isa] Νομίζω ότι πρέπει να ξεκουραστώ λίγο…"
OptionsTab Advanced,ΠΡΟΗΓΜΕΝΑ
Options HOTAS,Αντιστροφή άξονα Y
Options HOTAS No,Standard
Options HOTAS Yes,Ανεστραμμένο
OptionsHint HotasInter,Αντιστρέφει τον χειρισμό για το κοίταγμα πάνω και κάτω στις σκηνές πρώτου προσώπου.
Options Inventory,Χωρητικότητα αντικειμένων
Options Inventory New,Αναθεωρημένη
Options Inventory Old,Κλασική
Options Inventory Noob,Αυξημένη
OptionsHint InventoryInter,Ρυθμίζει πόσο δύσκολη είναι η διαχείριση των αντικειμένων.
OptionsHint Inventory New,Κανόνας των έξι. Οι ενότητες δεν πιάνουν θέσεις αντικειμένων.
OptionsHint Inventory Old,Κανόνας των έξι. Για έμπειρους φίλους του survival horror.
OptionsHint Inventory Noob,Έκτακτη ενίσχυση. Για όσους δυσκολεύονται με τον χώρο των αντικειμένων.
OptionsHint Inventory Cannot,Η χωρητικότητα <style=red>αλλάζει μόνο από το κεντρικό μενού.</style>
OptionsHint CRTControllerInter,Για απόλυτη ρετρό εμπειρία. Χρειάζεται ανάλυση 1080p ή μεγαλύτερη.
Options Photosense,Λειτουργία φωτοευαισθησίας
OptionsHint PhotosenseInter,Μειώνει κάποια εφέ με γρήγορο τρεμόπαιγμα.
Options KBAzert,AZERTY
OptionsHint KBAzert,"Σύγχρονο, με ZQSD. F για αλληλεπίδραση."
Options Overheal,Αποτροπή περιττής θεραπείας
OptionsHint OverhealInter,Δεν αφήνει να χρησιμοποιηθούν αντικείμενα θεραπείας όταν δε θα είχαν αποτέλεσμα.
OptionsHint OverhealInterOff,Επιτρέπει την καταστροφή αντικειμένων θεραπείας για να αδειάσει χώρος.
Options Hugs,Αγκαλιές Replika
OptionsHint HugsInter,Επιτρέπει σε μερικές Replika να αγκαλιάζουν την Elster.
RES_Flashlight_Broken,Δεν ανάβει.
END_Adler_Diary_1,"<title>Ημερολόγιο του Adler</title>
Ημερομηνία: 84-21-6
Με έχει γοητεύσει ένα παράξενο έπιπλο που βρήκα στην αποθήκη: ένα περίεργο κουτί με έναν δίσκο μπροστά που βγαίνει, το οποίο κατασχέθηκε από μια εργάτρια πριν από καιρό. Με τράβηξε αμέσως, αν και δεν ξέρω γιατί. Όταν βάζω το αυτί μου στον μηχανισμό, τον ακούω να κάνει ένα αδύναμο κλικ, σαν ρολόι.
<page>Ημερομηνία: 84-21-7
Συναντήθηκα με την Kolibri για να δούμε τις τελευταίες προσθήκες στο προσωπικό της εγκατάστασης. Όπως πάντα, κατέληξε σε μακρύ καβγά - ό,τι κι αν κάνω, αυτή η γυναίκα πρέπει πάντα να έχει την τελευταία λέξη. Πάντως, συμφωνήσαμε και οι δύο ότι η μονάδα LSTR ήταν καλή επένδυση, οπότε δε χρειάζονται αλλαγές προς το παρόν.
<page>Ημερομηνία: 84-21-8
Άλλη μια βαρετή μέρα. Ακόμα και τα χαρτιά είναι αδιάφορα και ασήμαντα τελευταία. Γυρνώντας στο δωμάτιό μου, είδα άλλη μια καινούρια μονάδα STAR να χτυπάει το κεφάλι της σε μια κάσα πόρτας.
<page>Ημερομηνία: 84-21-9
Σήμερα έπρεπε να κατέβω στον χώρο εξόρυξης για την προγραμματισμένη επιθεώρηση. Η καινούρια μονάδα Elster μού έδειχνε κάποιον εξοπλισμό μέτρησης, όταν κάτι που είπε για πλανήτες και αστέρια με έκανε ξαφνικά να καταλάβω τι μου θύμιζε αυτός ο δίσκος - ένα αστρονομικό ημερολόγιο. Πρέπει να το ψάξω αμέσως, τώρα που τελείωσε η βάρδιά μου.
<page>Ημερομηνία: 84-21-A
Το μικρό αίνιγμα του κουτιού δεν μπορούσε να με αποσπά από τη βαρεμάρα της δουλειάς για πολύ. Το κουτί είχε μέσα μόνο ένα μικρό σημειωματάριο, με όλες τις σελίδες του άγραφες. Ο μηχανισμός είναι συναρπαστικός, αλλά ακόμα δεν ξέρω τι να κάνω με το κουτί. Θα ήταν ωραίο δώρο για τη Διοικήτρια; Ίσως πρέπει να ρωτήσω την Kolibri τι πιστεύει.
<page>Ημερομηνία: 84-21-B
Σε μια στιγμή τόλμης, αποφάσισα να δοκιμάσω κάτι καινούριο για βραδινό και το μετάνιωσα αμέσως - μόλις που άντεξα τη γεύση. Τόσο απαίσιος συνδυασμός γλυκού και αλμυρού, που με έκανε να αρρωστήσω.
<page>Ημερομηνία: 84-21-C
Άλλο ένα ημερολόγιο γέμισε, χωρίς κανένα όφελος εκτός από τη δική μου ικανοποίηση. Δεν έχω παραγγείλει καινούριο ακόμα, γιατί ξόδεψα τα Rationmark που είχα μαζέψει σε εκείνη την υπέροχη πένα, αλλά μάλλον θα χρησιμοποιήσω εκείνο το σημειωματάριο..."
END_Adler_Diary_2,"<title>Ημερολόγιο του Adler</title>
Ημερομηνία: 84-21-6
Με έχει γοητεύσει ένα παράξενο έπιπλο που βρήκα στην αποθήκη: ένα περίεργο κουτί με έναν δίσκο μπροστά που βγαίνει, το οποίο κατασχέθηκε από μια εργάτρια πριν από καιρό. Με τράβηξε αμέσως, αν και δεν ξέρω γιατί. Όταν βάζω το αυτί μου στον μηχανισμό, τον ακούω να κάνει ένα αδύναμο κλικ, σαν ρολόι.
<page>Ημερομηνία: 84-21-7
Συναντήθηκα με την Kolibri για να δούμε τις τελευταίες προσθήκες στο προσωπικό της εγκατάστασης. Στη μέση της συνάντησης, βγήκε θυμωμένη από το δωμάτιο χωρίς κανένα φανερό λόγο. Ήταν πολύ αγενές εκ μέρους της, αλλά δε με πείραξε ιδιαίτερα, γιατί είχα έναν ενοχλητικό πονοκέφαλο από το πρωί.
<page>Ημερομηνία: 84-21-8
Απόψε είδα ένα όνειρο, το πρώτο μετά από πολύ καιρό. Υπήρχε μια νεαρή γυναίκα, με μαλλιά άσπρα σαν το χιόνι, και εγώ έκανα κάποιο τεστ. Είχα μια τράπουλα με αστρονομικά σύμβολα, αλλά δε θυμάμαι τι έκανα με αυτήν.
<page>Ημερομηνία: 84-21-9
Σήμερα έπρεπε να κατέβω στον χώρο εξόρυξης για την προγραμματισμένη επιθεώρηση. Ακόμα περιμένουμε τη νέα μονάδα LSTR που παραγγείλαμε - η αποστολή καθυστέρησε αρκετούς κύκλους - αλλά η ανασκαφή προχωράει κανονικά, οπότε δε θα υπάρξει πρόβλημα, αρκεί να μην αρρωστήσει κι άλλο προσωπικό.
<page>Ημερομηνία: 84-21-A
Επιτέλους κατάφερα να ανοίξω εκείνο το παράξενο κουτί. Δυστυχώς, είχε μέσα μόνο ένα μικρό σημειωματάριο, με όλες τις σελίδες του άγραφες. Για κάποιο λόγο, νιώθω ότι το ήξερα από πριν, σαν να είχα ξανανοίξει το κουτί. Μήπως το ονειρεύτηκα;
<page>Ημερομηνία: 84-21-B
Φαίνεται ότι κυκλοφορούν κι άλλες φήμες για μια μεταδοτική αρρώστια που απλώνεται στις εργάτριες Gestalt. Μήπως είναι άλλο ένα ξέσπασμα γρίπης; Η χρονική στιγμή είναι αρκετά ανησυχητική...
<page>Ημερομηνία: 84-21-C
Άλλο ένα ημερολόγιο γέμισε, χωρίς κανένα όφελος εκτός από τη δική μου ικανοποίηση. Δεν έχω παραγγείλει καινούριο ακόμα, γιατί ξόδεψα τα Rationmark που είχα μαζέψει σε εκείνη την υπέροχη πένα, αλλά μάλλον θα χρησιμοποιήσω εκείνο το σημειωματάριο..."
END_Note_EXC,"<title>Ομάδα ανασκαφής C</title>
MNHR-S2301
MNHR-S2302
MNHR-S2303
LSTR-S2301
ARAR-S2317
ARAR-S2318
"
RES_ARAR_1,"[ARAR] ...
[ARAR] Α, εσύ είσαι.
[ARAR] Τι κάνεις εδώ;
[ARAR] Δεν έπρεπε να είσαι κάτω στο ορυχείο;
[ARAR] ...
[ARAR] Ο φακός σου;
[ARAR] Για να δω.
[ARAR] Δοκίμασέ τον τώρα.
[ARAR] ..."
RES_ARAR_2,"[ARAR] ...
[ARAR] Το πιστεύεις αυτό;
[ARAR] Όλοι αυτοί οι φάκελοι...
[ARAR] Νομίζουν ότι μας ξέρουν τόσο καλά.
[ARAR] ..."
RES_ARAR_3,"[ARAR] ...
[ARAR] Τόση κουβέντα για «Περσόνα» και «Σταθεροποίηση»...
[ARAR] Στο τέλος, απλώς θέλουν να το βουλώνουμε και να δουλεύουμε μέχρι να πεθάνουμε.
[ARAR] Τι αστείο.
[ARAR] ..."
RES_ARAR_4,"[ARAR] ...
[ARAR] Τι εννοείς, δε με θυμάσαι;
[ARAR] Χτύπησες το κεφάλι σου;
[ARAR] ..."
RES_ARAR_5,"[ARAR] ...
[ARAR] Εγώ μένω εδώ.
[ARAR] Με τίποτα δε γυρίζω ξανά στη δουλειά.
[ARAR] ..."
RES_Replika_Control,"<title>Επιχειρησιακές διαδικασίες: Έλεγχος</title>
<align=center>- <style=red>ΑΠΟΡΡΗΤΕΣ ΠΛΗΡΟΦΟΡΙΕΣ</style> - Μόνο για τη Διοίκηση -</align>
Οδηγία AEON 176 για την εφαρμογή Επιχειρησιακών Διαδικασιών:
Επιχειρησιακή Ψυχολογία
Για να προστατεύει με σιγουριά την ασφάλεια του Έθνους μας, η AEON πρέπει να αναπτύσσει και να εφαρμόζει διαδικασίες και τεχνολογίες που της δίνουν πλήρη έλεγχο πάνω σε όλες τις Replika που υπηρετούν το Έθνος.
Όπως και με τους Gestalt, οι διαδικασίες της Επιχειρησιακής Ψυχολογίας είναι πολύ αποτελεσματικές για τον έλεγχο της συμπεριφοράς των Replika.
<page>Το βασικό πλεονέκτημα των Replika σε σχέση με τους Gestalt είναι ότι είναι προβλέψιμες.
Όλες οι καινούριες Replika ενός μοντέλου είναι σχεδόν ίδιες, και σωματικά και ψυχολογικά.
Επειδή έχουν όλες τις ίδιες αναμνήσεις, μια καινούρια μονάδα Eule θα αντιδρά σχεδόν πάντα με τον ίδιο ακριβώς τρόπο στις ίδιες συνθήκες.
<page>Όμως, μόλις μια μονάδα βρεθεί σε νέες καταστάσεις, αρχίζει να απομακρύνεται από το αρχικό πρότυπο. Σε κάποιες περιπτώσεις, αυτό μπορεί να κάνει τη μονάδα λιγότερο αποδοτική για τη δουλειά της. Αυτό λέγεται υποβάθμιση της Περσόνας.
<page>Χρησιμοποιώντας πολλές προσωπικές πληροφορίες για τη ζωή του Gestalt πάνω στο οποίο βασίζεται κάθε νευρικό πρότυπο, μπορούμε να εξασφαλίσουμε ότι κάθε μονάδα θα εξελιχθεί σωστά και ομοιόμορφα μετά την ενεργοποίησή της.
Με πιο απλά λόγια, ο βασικός μας στόχος είναι η στοχευμένη χειραγώγηση του ατόμου, ώστε να μένει όσο πιο κοντά γίνεται στο αρχικό πρότυπο, και έτσι παραγωγικό, πιστό και υπάκουο όσο περισσότερο γίνεται.
<page>Αυτό λέγεται σταθεροποίηση της Περσόνας. Η σταθεροποίηση έχει πολλές μορφές, και συνήθως είναι τακτικές δραστηριότητες ή Αντικείμενα-Φετίχ που αποσπούν και ηρεμούν τη Replika.
<page>Μέχρι να αναπτυχθεί η Τεχνολογία Βιοσυντονισμού που θα επιτρέπει άμεσο έλεγχο της συμπεριφοράς σε μεγάλη κλίμακα, οι μέθοδοι της Επιχειρησιακής Ψυχολογίας παραμένουν ο πιο σίγουρος τρόπος για τον έλεγχο των Replika και των Gestalt, για την προστασία της εθνικής ασφάλειας."
ROT_Replika_Production,"<title>Κλεμμένο έγγραφο</title>
<align=center>- <style=red>ΑΠΟΡΡΗΤΕΣ ΠΛΗΡΟΦΟΡΙΕΣ</style> - Μόνο για Gestalt τεχνικούς Replika -</align>
<page>Υποδειγματικοί πολίτες του Έθνους, που τους επιλέγει προσεκτικά η AEON, διατηρούνται για πάντα σε κρυογονική κατάσταση στα Νευρικά Αρχεία, και ο καθένας γίνεται το νευρικό πρότυπο για ένα νέο μοντέλο Replika. Για να διατηρηθεί η εικόνα της Replika ως αδιάφθορο ιδανικό, ο αρχικός Gestalt σβήνεται από τα αρχεία και από τη δημόσια μνήμη.
<page>Κατά την παραγωγή, όταν έμπειροι τεχνικοί βιοσυντονισμού αντιγράφουν το νευρικό πρότυπο σε μια νέα μονάδα, οι περισσότερες αναμνήσεις γεγονότων αλλοιώνονται και καταπιέζονται.
<page>Η Replika που προκύπτει κρατάει τις ικανότητες και την προσωπικότητα του αρχικού Gestalt, αλλά κανονικά δεν μπορεί να θυμηθεί συγκεκριμένα γεγονότα από τη ζωή του δότη.
Έτσι, η Replika κάνει τη δουλειά της χωρίς να αποσπάται από τις προσωπικές αναμνήσεις του δότη.
<page>Όμως, ακόμα και η πιο καλοσυντηρημένη μονάδα Replika θα δεχτεί κάποια στιγμή ερεθίσματα που μπορεί να ξυπνήσουν αναμνήσεις του Gestalt. Οι μονάδες που υποβαθμίζονται έτσι δεν είναι ιδιαίτερα επικίνδυνες, αλλά, όπως όλες οι μονάδες με υποβάθμιση Περσόνας, κάποια στιγμή χάνουν πολλά από τα πλεονεκτήματά τους σε σχέση με τους Gestalt εργάτες.
<page>Επειδή η υποβάθμιση της Περσόνας συνήθως δύσκολα φαίνεται απ' έξω, οι μονάδες διοίκησης χρησιμοποιούν τον βιοσυντονισμό για να παρακολουθούν τις μονάδες που έχουν υπό τις διαταγές τους. Γενικά, προτείνεται οι μονάδες να αποσύρονται και να αντικαθίστανται γρήγορα, πριν πέσει η παραγωγικότητά τους ή πριν αρχίσουν να δείχνουν καθαρά σημάδια ατομικότητας.
Όταν τα πυρομαχικά είναι με δελτίο, η τοπική Επιχειρησιακή Διοίκηση μπορεί να επιλέξει άλλους τρόπους απόσυρσης."
ROT_Books_Synchronicity,"<title>Φαινόμενα συντονισμού</title>
Συγχρονικότητα: Φαινόμενα που σχετίζονται με νόημα, αλλά χωρίς σχέση αιτίας και αποτελέσματος.
<page>Ακόμα δεν έχουμε βρει την πραγματική πηγή της ικανότητας του νου να αλλάζει τον φυσικό κόσμο. Όμως, η δημιουργία φυσικών φαινομένων από απόσταση, μόνο με τη συνειδητή ή ασυνείδητη θέληση, είναι η βάση όλης της Τεχνολογίας Βιοσυντονισμού.
<page>Πριν εμφανιστεί η Τεχνολογία Βιοσυντονισμού, οι συσχετίσεις χωρίς αιτία συχνά θεωρούνταν λανθασμένα απλή σύμπτωση. Πολλά φαινόμενα, όπως η Όραση από απόσταση, οι Σωσίες ή το Φαινόμενο Pauli, έχουν πια καταταχθεί ως φαινόμενα συγχρονικότητας που σχετίζονται με τον βιοσυντονισμό.
<page>Ο κόσμος μας δε θα μπορούσε να υπάρχει χωρίς τον Βιοσυντονισμό, αλλά η προέλευσή του παραμένει άγνωστη. Αν ήταν πραγματικά θεϊκό δώρο από το διάστημα, όπως έλεγε η εκλιπούσα Αυτοκράτειρα, γιατί νικήθηκε από τον Μεγάλο μας Επαναστάτη, που δεν είχε τέτοιες «θεϊκές» δυνάμεις;"
LOV_Dictionary,"<title>Λεξικό</title>
Replika, /Re·pli·ká/, ουσιαστικό. Πληθ. Replikas (Kitezh: Replika).
Σύντμηση του (αρχαϊκού) Replikat (⟶Αντίγραφο, ⟶Ρέπλικα).
Βιο-μηχανικό πρόσωπο. Συνθετική αναπαραγωγή ενός ⟶Gestalt. Βιολογική καλλιέργεια μεταμοσχευμένη σε τεχνητό εσωσκελετό και κλεισμένη σε προστατευτικό εξωσκελετό.
<page>Gestalt, /Ge·shtalt/, ουσιαστικό. Πληθ. Gestalts.
Σύντμηση του (αρχαϊκού) Urgestalt (Αρχική Μορφή, πρβλ. ⟶Αρχέτυπο, ⟶Πρωτότυπο).
Πρόσωπο που δεν είναι ⟶Replika."
LAB_Patterns_Hint,"<title>Καμία διέξοδος</title>
ακόμα και στα πιο σκοτεινά βάθη
τα τραγούδια του σύμπαντος
ακούγονται ακόμα στον αιθέρα

<indent=40%>ο ήχος των αστεριών"
ROT_Kolibri_Poster,"<title>Blockwart</title>
Είναι καθήκον σας!
Αναφέρετε αμέσως ύποπτα στοιχεία στον Blockwart!
"
ROT_Books_Goethe,"<title>Προμηθέας</title>
Εδώ κάθομαι και πλάθω ανθρώπους
κατ' εικόνα μου·
μια γενιά που να μου μοιάζει,
να υποφέρει, να κλαίει,
να απολαμβάνει, να χαίρεται,
και εσένα να σε περιφρονεί,
όπως εγώ! "
DET_Cell_Wallfan,Ένας περιστρεφόμενος ανεμιστήρας είναι στερεωμένος στον τοίχο.
MED_Obs_BackOffice_Chairs,Καρέκλες στοιβαγμένες η μία πάνω στην άλλη.
MED_Obs_Waiting_Bamboo,Παρατημένα φυτά μπαμπού που παλεύουν να επιβιώσουν.
MED_Obs_Storage_Boxes,Μουσκεμένα κουτιά γεμάτα άχρηστα πράγματα.
MED_Obs_Pillar,Τα τρία χρυσά αστέρια του Έθνους στολίζουν τη στήλη.
RES_ARAR_Amigasa,Πεταμένα κράνη ανάμεσα σε στοίβες από απόρρητους φακέλους.
RES_ARAR_Bamboo,Φυτά μπαμπού που μεγαλώνουν καλά κάτω από μια λάμπα ανάπτυξης.
RES_Common_Rations,Στο τραπέζι υπάρχουν διάφορες μισοφαγωμένες μερίδες. Δεν πεινάω.
RES_KLBR_Tea_Kettle,Ένας ηλεκτρικός βραστήρας για τσάι.
RES_KLBR_Tea_Cups1,Ανησυχητικά πολλά μισοάδεια γυάλινα ποτήρια με υπολείμματα τσαγιού.
RES_KLBR_Tea_Cups2,Η μυρωδιά μού θυμίζει το γλυκό «τραβηχτό» τσάι που αρέσει στη Vineta.
RES_Obs_FloodOverflow,Οι τοίχοι της τεράστιας δεξαμενής χάνονται στο σκοτάδι.
RES_6F_Blocked,Ένα πρόχειρο οδόφραγμα από έπιπλα κλείνει τον διάδρομο.
RES_Owls_Books,Μια μικρή συλλογή από προπαγανδιστικά διηγήματα και βιβλία για τις δουλειές του σπιτιού.
RES_Shower_Heads,Ντους στερεωμένα στον τοίχο.
RES_ShootingRange,"Ένα σκοπευτήριο για εξάσκηση στη σκοποβολή.
Καλύτερα να μη σπαταλήσω τα πυρομαχικά μου."
RES_Works_Saws,Ηλεκτρικά δισκοπρίονα. Δε χρειάζεται να κόψω τίποτα τώρα.
RES_Works_Solder,Ένα κολλητήρι ανάμεσα σε χαλασμένες πλακέτες.
RES_Rec_Piano,Ένα πιάνο με ουρά. Μακάρι να ήξερα να παίζω.
RES_Star_Lockers,"Οι μονάδες Protektor φυλάνε τα προσωπικά τους πράγματα σε αυτά τα ντουλάπια.
Δεν υπάρχει τίποτα ενδιαφέρον για μένα εδώ."
LAB_Obs_Pillar,"Όταν το κοιτάζω, πονάει το κεφάλι μου."
LAB_OBGYN_Obs,Μου φαίνεται παράξενα γνωστό.
LAB_Radio_Painting,"Ο πίνακας έχει καταστραφεί τόσο που δεν αναγνωρίζεται.
Η πινακίδα στην κορνίζα γράφει «Μεταμόρφωση»."
ROT_Rations_Obs,Μουχλιασμένες μερίδες είναι σκορπισμένες στο τραπέζι.
ROT_Photo_Obs1,"Άδεια, σκονισμένα ράφια."
ROT_Photo_Obs2,Τα ράφια έχουν αδειάσει. Στη σκόνη φαίνονται ακόμα τα περιγράμματα από διάφορο φωτογραφικό εξοπλισμό και από ετικέτες με τιμές.
ROT_Store_PC1,Σκονισμένες οθόνες υπολογιστών.
ROT_Store_PC2,Διάφορες ηλεκτρικές συσκευές. Δε μου χρησιμεύουν τώρα.
ROT_Obs_Books,Σειρές από σκονισμένα βιβλία. Δεν έχω χρόνο να τα διαβάσω τώρα.
ROT_Obs_Backyard_Container,Κάδοι σκουπιδιών.
ROT_Paternoster,Ο ανελκυστήρας paternoster δε λειτουργεί.
MEM_Medical_PC,Ο υπολογιστής ιατρικής διάγνωσης. Ο επόμενος έλεγχος της Ariane είναι σε μερικούς κύκλους.
LAB_Empress_Face,"Ένας πίνακας με μια γυναίκα με κουκούλα, που κρύβει το πρόσωπό της με σμιλεμένα χέρια."
ROT_Mural_Necker,"""Rotfro<font=illegible>nt Se</font>ktor C§Worker<font=illegible> Settlemen</font>t Necker"""
ROT_Butterfly_Caution,«Προσοχή: Κουτί επώασης. Μην το γέρνετε.»
ELSTER,Elster
WOMAN,Γυναίκα
ARIANE,Ariane
ISA,Isa
REBECCA,Rebecca
ADLER,Adler
ALINA,Alina
EULE,Eule
GenericQuestionFollowup yes,Ναι
GenericQuestionFollowup no,Όχι
GenericQuestion yes,Ναι
GenericQuestion no,Όχι
GameOver,<mspace=0.6>ΚΡΙΣΙΜΟ ΣΦΑΛΜΑ
GameOverMessage,"Συνέβη κρίσιμη εξαίρεση στο {0}
στο {1}. Αυτό μπορεί να οφείλεται σε βλάβη υλικού.
Αν το πρόβλημα συνεχιστεί, επικοινωνήστε με τεχνική υπηρεσία Replika.
Κωδικός σφάλματος  ***STOP: {2} [LSTR-512]"
GameOverMessage B,"Συνέβη κρίσιμη εξαίρεση στο {0}
στο {1}. Αυτό μπορεί να οφείλεται σε βλάβη υλικού.
Αν το πρόβλημα συνεχιστεί, επικοινωνήστε με τεχνική υπηρεσία Replika.
Κωδικός σφάλματος  ***STOP: {2} [LSTR-S2301]"
GameOverMessage C,"Συνέβη κρίσιμη εξαίρεση στο {0}
στο {1}. Αυτό μπορεί να οφείλεται σε βλάβη υλικού.
Αν το πρόβλημα συνεχιστεί, επικοινωνήστε με τεχνική υπηρεσία Replika.
Κωδικός σφάλματος  ***STOP: {2} [LSTR-▞▜▟▞]"
GameOverPrompt,Πατήστε οποιοδήποτε πλήκτρο για επανεκκίνηση του Replika Logic
GameOverPrompt Console,Πατήστε οποιοδήποτε κουμπί για επανεκκίνηση του Replika Logic
GameOverPrompt PS,Πατήστε οποιοδήποτε κουμπί για επανεκκίνηση του Replika Logic
GameOverPrompt XB,Πατήστε οποιοδήποτε κουμπί για επανεκκίνηση του Replika Logic
GameOverPrompt NS,Πατήστε οποιοδήποτε κουμπί για επανεκκίνηση του Replika Logic
Pickup_dialogue question,Να πάρω: <style=red><s0><s1></style>;
Pickup_dialogue message,Πήρα: <style=red><s0></style>.
Pickup_cantCarry message,Δεν μπορώ να κουβαλήσω κι άλλο: <style=red><s0></style>.
Pickup_noSlots message,Δεν έχω χώρο για: <style=red><s0></style>.
Pickup_dialogue yes,Ναι
Pickup_dialogue no,Όχι
openDoorDialogue question,Να χρησιμοποιήσω: <style=red>{0}</style> για να ξεκλειδώσω την πόρτα;
openDoorDialogue message,Χρησιμοποίησα: <style=red>{0}</style>.
openDoorDialogue yes,Ναι
openDoorDialogue no,Όχι
lock key used,Χρησιμοποίησα: <style=red>{0}</style>.
lock key needed,Είναι κλειδωμένο.§Χρειάζεται κλειδί.
lock key needed hint,Είναι κλειδωμένο.§Χρειάζεται: <style=red>{0}</style>.
lock backtrack opened,Ξεκλείδωσα την πόρτα.
lock backtrack wrongside,Ξεκλειδώνει από την άλλη πλευρά.
lock defect,Η κλειδαριά είναι χαλασμένη.§Αυτή η πόρτα δεν ανοίγει.
useItemDialogue question,Να χρησιμοποιήσω: <style=red><s3></style>;
useItemDialogue yes,Ναι
useItemDialogue no,Όχι
useItemDialogue noItem,Χρειάζεται: <style=red><s3></style>.
useItemDialogue message,Χρησιμοποίησα: <style=red><s3></style>.
Pickup_dialogue_long message,Πήρα: <style=red><s0></style>.
Pickup_dialogue_long yes,Ναι
Pickup_dialogue_long no,Όχι
Pickup_dialogue_long question,Να πάρω: <style=red><s0><s1></style>;
UseItemGenericFailureText,Χρειάζεται: <style=red>{0}</style>.
UseMultipleItemPrompt,Επιλέξτε ένα αντικείμενο για χρήση.
lock key needed oldstyle,Είναι κλειδωμένο.§Χρειάζεται κλειδί.
PEN_PhotoFound,Μια ξεθωριασμένη φωτογραφία είναι κολλημένη στα χειριστήρια του LDAM.
PEN_Tome,"Ένα βιβλίο που μοιάζει πολύ παλιό είναι πάνω στο τραπέζι.
Νιώθω σαν να με καλεί…"
PEN_CryoCard,Δύο κομμάτια από ένα κλειδί σπασμένο στη μέση είναι μέσα στην κρυογονική κάψουλα.
PEN_CryoDiagnostic,Διαγνωστικά συστήματα της κρυογονικής κάψουλας.
PEN_CryoEmpty,Είναι άδεια.
PEN_ALSky,Ένας χλωμός ουρανός απλώνεται πέρα από την καταπακτή.
PEN_ALSuit,Στη θήκη υπάρχει μια στολή AVA.
PEN_ALSuitGone,Η στολή έχει βγει από τη θήκη.
PEN_AL_KeyRepairHint,Πρέπει να επισκευάσω το <style=red>Κλειδί αεροστεγούς θαλάμου</style> πριν το χρησιμοποιήσω.
PEN_CockpitOutside,Το σκάφος έχει συντριβεί σε ένα παγωμένο τοπίο.
PEN_Controls1,"Ο πίνακας ελέγχου του σκάφους.
Από τις ενδείξεις, δεν υπάρχει περίπτωση να ξαναπετάξει ποτέ."
PEN_Controls2,Ο αριστερός πίνακας ελέγχου. Υπάρχει κρίσιμη βλάβη συστήματος από τη σκληρή προσγείωση.
PEN_Controls3,Ο δεξιός πίνακας ελέγχου. Τα χειριστήρια δεν αντιδρούν σε τίποτα. Μάλλον ηλεκτρική βλάβη.
PEN_Controls4,"Ο πίνακας ελέγχου του σκάφους.
Δεν υπάρχει ελπίδα."
PEN_Controls5,Η οθόνη βοήθειας προσγείωσης και πρόσδεσης. Δε μου χρησιμεύει τώρα.
PEN_PC_Readout,"<align=""center"">ΟΘΟΝΗ ΚΑΤΑΣΤΑΣΗΣ ΣΚΑΦΟΥΣ ΑΝΙΧΝΕΥΣΗΣ</align>

ΚΑΤΑΣΤΑΣΗ: ΕΝΤΟΠΙΣΤΗΚΕ ΚΡΙΣΙΜΗ ΒΛΑΒΗ ΣΥΣΤΗΜΑΤΟΣ
ΤΟΠΟΘΕΣΙΑ: ΑΓΝΩΣΤΗ ΠΛΑΝΗΤΙΚΗ ΕΠΙΦΑΝΕΙΑ

<indent=-34%><align=center>---ΑΝΑΦΟΡΑ---</align></indent>
ΚΑΤΑΣΤΑΣΗ ΠΛΗΡΩΜΑΤΟΣ:
    A. YEONG, GESTALT ΠΙΛΟΤΟΣ  - ΚΑΝΕΝΑ ΣΗΜΑ
    LSTR-512, ΜΟΝΑΔΑ REPLIKA  - ΕΝΕΡΓΗ (ΤΡΑΠΕΖΑΡΙΑ)

Η ΣΚΛΗΡΗ ΠΡΟΣΓΕΙΩΣΗ ΕΚΑΝΕ ΖΗΜΙΑ ΣΕ ΚΡΙΣΙΜΑ ΣΥΣΤΗΜΑΤΑ !
<indent=-34%>
<align=center>
/////////// ΠΡΟΕΙΔΟΠΟΙΗΣΗ ///////////
Η ΘΕΡΜΟΚΡΑΣΙΑ ΤΗΣ ΕΠΙΦΑΝΕΙΑΣ ΕΙΝΑΙ ΠΟΛΥ ΧΑΜΗΛΗ
ΦΟΡΑΤΕ ΠΡΟΣΤΑΤΕΥΤΙΚΗ ΣΤΟΛΗ ΚΑΤΑ ΤΗΝ A.V.A.
//////////////////////////////
"
PEN_Reaktor_Warning1,"Ράβδος D
κόλλησε"
PEN_Reaktor_Warning2,"Χαμηλή
απόδοση"
PEN_Reaktor_Warning3,"Υψηλή
απόδοση"
PEN_Reaktor_Warning4,"Κίνδυνος
τήξης"
PEN_Reaktor_Warning5,"Ράβδοι
εκτός θέσης"
PEN_Reaktor_Apply,"Εφαρμογή
ρύθμισης"
PEN_Reaktor_Door,"Η πόρτα κλείδωσε λόγω βλάβης στον αντιδραστήρα.
Πρέπει να ελέγξω το τερματικό στον απέναντι τοίχο."
PEN_Reaktor_Reject,"Η ρύθμιση δεν εφαρμόστηκε
δείτε τις προειδοποιήσεις"
PEN_Reaktor_Accept,"Η ρύθμιση εφαρμόστηκε
με επιτυχία."
PEN_Reaktor_Header,ΡΥΘΜΙΣΗ ΡΑΒΔΩΝ ΚΑΥΣΙΜΟΥ ΑΝΤΙΔΡΑΣΤΗΡΑ
PEN_Reaktor_Hint_Cell,Επιλογή κελιού
PEN_Reaktor_Hint_Rod,Θέση ράβδου
PEN_Reaktor_Hint_Apply,Εφαρμογή ρύθμισης
PEN_Hole HoleText,"Μια παράξενη τρύπα οδηγεί βαθιά μέσα στο έδαφος.
Στο βάθος λάμπει ένα αχνό φως…"
PEN_Hole HolePrompt,Να μπω στην τρύπα;
PEN_Hole WallObs,"Οι τοίχοι μοιάζουν υγροί και μαλακοί, σαν σάρκα.§Τι παράξενο μέρος είναι αυτό;"
PEN_Hole StairObs,"Φαίνεται ότι βρήκα καταφύγιο εδώ από τη χιονοθύελλα.
Δεν έχει νόημα να ξανανέβω τώρα."
PEN_Hole WallObs2,Ποιος έφτιαξε αυτό το μέρος;
PEN_CR_PC,Η οθόνη του υπολογιστή είναι κενή.
PEN_CR_Lightswitch,Ένας διακόπτης φωτός. §Καλύτερα να μην το σβήσω.
PEN_CR_Flag,Η εθνική σημαία.
PEN_CR_Lamp,"Από πού παίρνει ρεύμα αυτή η λάμπα;
Μήπως είναι κάποια μυστική υπόγεια βάση;"
PEN_CR_Radio,Ένας ραδιοπομπός. Μοιάζει να είναι συνδεδεμένος με τον υπολογιστή.
PEN_CR_Photos,Σκοτεινές εικόνες μιας ακτής και ενός νησιού. Είναι φωτογραφίες;
PEN_CR_WallText,Ξεθωριασμένο κείμενο στους τοίχους. Δεν μπορώ να καταλάβω τι έγραφε.
PEN_CR_Books1,Παλιά αυτοκρατορικά περιοδικά. Είμαι σχεδόν σίγουρη ότι είναι απαγορευμένα.
PEN_CR_Books2,Βιβλία για τη χρήση ασυρμάτου. Φαίνονται παλιά και φθαρμένα.
PEN_CR_Door,"Η πόρτα δεν ανοίγει.
Πού να οδηγεί άραγε;"
PEN_CR_Bed,"Ένα σκονισμένο κρεβάτι. Τα σεντόνια έχουν παράξενη υφή, σαν κάποιο είδος δέρματος."
PEN_CR_Wardrobe,Μια παλιά ξύλινη ντουλάπα.
PEN_CR_Safe,"Ένα βαρύ χρηματοκιβώτιο, τυλιγμένο με αλυσίδες."
LOV_Surface,Ο ανελκυστήρας για την επιφάνεια. Δε χρειάζεται να γυρίσω πίσω.
LOV_Surface1,"Από εδώ ήρθα.
Δεν έχει νόημα να γυρίσω πίσω."
LOV_Leng,Τροχιακός κόμβος Leng - Σταθμός μεταφοράς εγκατάστασης S-23 Sierpinski§Καλώς ήρθατε στην εγκατάσταση Sierpinski
LOV_Reception,"Δεν υπάρχει κανείς στην υποδοχή.
Αναρωτιέμαι τι έγινε και λείπει προσωπικό σε μια τέτοια εγκατάσταση."
LOV_ReceptionKey,"Στο τζάμι της υποδοχής είναι κολλημένη μια κάρτα με ένα σημείωμα.
«Λόγω έλλειψης προσωπικού, οι νέες αφίξεις να παρουσιάζονται στην Αίθουσα 4C (Βορειοανατολικά)»"
LOV_ReceptionKeyTaken,"«Λόγω έλλειψης προσωπικού, οι νέες αφίξεις να παρουσιάζονται στην Αίθουσα 4C (Βορειοανατολικά)»"
LOV_ReceptionKeyHint,Είναι κλειδωμένο. Πρέπει πρώτα να πάρω κάρτα επισκέπτη από την υποδοχή.
LOV_Corpse,"Μια νεκρή μονάδα Eule.
Γιατί την παράτησαν εδώ;"
LOV_Corpse2,"Μια νεκρή μονάδα Eule.§Είναι σε φρικτή κατάσταση.
Βιοεξαρτήματα που μοιάζουν μολυσμένα πετάγονται έξω από το χαλασμένο περίβλημά της.
Τι της συνέβη και έγινε έτσι;"
LOV_SafeLogoObs,Μοιάζει με το σήμα του κατασκευαστή του χρηματοκιβωτίου.
LOV_Camera,"Μια κάμερα παρακολούθησης...
Μας βλέπει κάποιος;"
LOV_BathroomStalls,"Καμπίνες τουαλέτας, κάποιες σε κακή κατάσταση."
LOV_BathroomMirror,"Ήρθα μέχρι εδώ για να τη βρω.
Δεν υπάρχει γυρισμός τώρα."
LOV_BathroomMirror1,Σκόροι πετάνε γύρω από το είδωλό μου στον καθρέφτη.
LOV_PCObservation,Το τερματικό είναι κλειδωμένο. Χρειάζεται κωδικό.
LOV_HoleMessage,Υπάρχει μια τρύπα στο πάτωμα. Φαίνεται ότι μπορώ να πέσω κάτω με ασφάλεια.
LOV_HoleQuestion,Να πέσω στην τρύπα;
LOV_FicheFail,"Μια συσκευή προβολής μικροφίλμ για κάρτες. Αν είχα μια <style=red>Κάρτα μικροφίλμ</style>, θα μπορούσα να δω το περιεχόμενό της εδώ."
DET_Lockpick_Scope,Ένας αισθητήρας υπερήχων είναι στερεωμένος στο πλάι της κλειδαριάς. Είναι συνδεδεμένος με τη συσκευή παραβίασης.
DET_Lockpick_Lock,Ο διακόπτης επαναφοράς των ηλεκτρονικών της πόρτας. Κανονικά χρειάζεται κλειδί για να λειτουργήσει.
DET_Lockpick_Pins,"Είναι κάποια συσκευή παραβίασης κλειδαριάς, στερεωμένη στον διακόπτη επαναφοράς.
Φαίνεται ότι μπορώ να ρυθμίσω τα δόντια του κλειδιού με τα κουμπιά από κάτω."
DET_Lockpick_Pins2,Μπορώ να ρυθμίσω τα δόντια του κλειδιού με τα κουμπιά από κάτω.
DET_Lockpick_Screen,Η οθόνη δείχνει την εικόνα από τον συνδεδεμένο αισθητήρα υπερήχων.
DET_EuleCorpse,"Μια νεκρή μονάδα Eule. Το συνθετικό δέρμα και τα μαλλιά στο κεφάλι της έχουν αντικατασταθεί με ένα στρώμα από λεπτή, υγρή γάζα.
Λείπουν κομμάτια από το πλαστικό περίβλημά της, και φαίνονται τα βιοεξαρτήματά της.§Αναρωτιέμαι πώς έγινε αυτό…"
DET_Library_FAK,"Ένα απλό κουτί πρώτων βοηθειών. Δεν μπορώ να χρησιμοποιήσω τίποτα από αυτά, γιατί δεν είναι φτιαγμένα για Replika."
DET_CameraObs,Μας βλέπει κάποιος;
DET_SafeLogoObs,Μοιάζει με το σήμα του κατασκευαστή του χρηματοκιβωτίου.
DET_ElevatorShaft,Ο ανελκυστήρας δε λειτουργεί.
DET_TaxJoke,"Οι φόροι κάποιου.
Δεν πρόκειται να τους κάνω εγώ."
DET_SearchFiles,"Εκατοντάδες σκονισμένοι, σκισμένοι φάκελοι.§Κάποιο μητρώο εργατών."
DET_ElevatorKeyRequired,Χρειάζομαι μια <style=red>Ταυτότητα Protektor</style> για να ξεκλειδώσω τον πίνακα του ανελκυστήρα.
DET_ElevatorInsertCard,"ΧΕΙΡΙΣΜΟΣ ΑΝΕΛΚΥΣΤΗΡΑ
- ΚΛΕΙΔΩΜΕΝΟ -


ΒΑΛΤΕ ΤΑΥΤΟΤΗΤΑ
PROTEKTOR"
DET_ElevatorSelectDestination,Επιλογή προορισμού
DET_ElevatorConfirm,Επιβεβαίωση επιλογής
DET_ElevatorMoving,"ΧΕΙΡΙΣΜΟΣ ΑΝΕΛΚΥΣΤΗΡΑ
- ΚΛΕΙΔΩΜΕΝΟ -


Ο ΘΑΛΑΜΟΣ ΚΙΝΕΙΤΑΙ
ΠΑΡΑΚΑΛΩ ΠΕΡΙΜΕΝΕΤΕ"
DET_EV_2,Καταλύματα εργατών
DET_EV_3,"Νοσοκομείο, πτέρυγα A"
DET_EV_4,"Νοσοκομείο, πτέρυγα B"
DET_EV_5,Επίπεδο υπηρεσιών
DET_EV_6,Καταλύματα Protektor
DET_EV_CardGone,"Φαίνεται ότι με τη διακοπή ρεύματος ο ανελκυστήρας κράτησε την κάρτα ασφαλείας.
Θα πρέπει να βρω άλλη ταυτότητα Protektor αν θέλω να ξαναχρησιμοποιήσω τον ανελκυστήρα."
DET_EV_Impound,"-ΕΙΔΟΠΟΙΗΣΗ-
Η ΚΑΡΤΑ ΚΡΑΤΗΘΗΚΕ


ΕΠΙΚΟΙΝΩΝΗΣΤΕ ΜΕ
ΤΟΝ ΔΙΑΧΕΙΡΙΣΤΗ"
DET_EV_Reboot,"Διακοπή
ρεύματος
-------------
Το σύστημα
ελέγχου
επανεκκινείται…"
DET_RadioStation_LockInspect,Κάποιος ειδικός μηχανισμός κλειδώματος. Μπροστά έχει κάτι σαν ηχείο ή μικρόφωνο.
DET_LockedStall,Η καμπίνα είναι κλειδωμένη. Είναι κάποιος μέσα;
DET_WallText,Υπόγεια εγκατάσταση§εξόρυξης S-23 «Sierpinski»
DET_TramLocked,"«Πρόσβαση στο φρεάτιο A»...
Χρειάζομαι το <style=red>Κλειδί του Διαχειριστή</style> για να καλέσω αυτόν τον ανελκυστήρα."
DET_MuralSWC,<align=center>← Ορυχείο     Εστιατόριο →§← Ντους     Γραφείο τροφίμων →§← A1-A8     A9-A10 →
DET_MuralAEON,<align=center>AEON: Εθνικό Υπουργείο Εργασίας και Παιδείας
DET_MuralS23,<align=center>Εγκατάσταση AEON S-23§Sierpinski
DET_GarbageBags,Σακούλες σκουπιδιών. Μυρίζουν έντονα σαπίλα.
DET_Crushed,Το ταβάνι έχει καταρρεύσει.§Δεν υπάρχει πέρασμα.
DET_Label_Pantry,<align=center>Αποθήκη τροφίμων§- Απαγορεύεται η είσοδος -
DET_Label_Ration,<align=center>Γραφείο τροφίμων
DET_KitchenGore,Αυτό… αναπνέει;
DET_KitchenGore2,"Ό,τι κι αν είναι, δε μοιάζει φαγώσιμο."
DET_Isolation,Μέσα στο κλουβί υπάρχει ένα ακίνητο σώμα…
MysteryBoxFailure,"Το κουτί είναι κλειδωμένο.
Φαίνεται ότι χρειάζεται κάποιο τετράγωνο κλειδί."
MysteryBoxPickup,Μέσα στο κουτί υπάρχει ένα <style=red>Μυστηριώδες τεχνούργημα</style>.
RadioPickupQuestion,Στο κουτί υπάρχει μια <style=red>Ενότητα ραδιοφώνου Replika</style>.
RadioPickupMessage,Να πάρω την <style=red>Ενότητα ραδιοφώνου</style>;
RadioPickupTutorial,"Η <style=red>Ενότητα ραδιοφώνου</style> εγκαταστάθηκε.
Η ενότητα ραδιοφώνου πιάνει μεταδόσεις σε συχνότητες από 50 έως 250 kHz.
Ανοίξτε την πατώντας <style=red>πάνω</style> στην <style=red>Οθόνη αντικειμένων</style>.
Σε κάποιες συχνότητες, τα μηνύματα αποκωδικοποιούνται αυτόματα και εμφανίζονται στο παράθυρο μεταγραφής."
DET_RadioWeatherReport,Rotfront Πρόγνωση Θερμ 2-6 Ορατ 30 Υγρ 80 Άνεμος 2-5-20 ΤΕΛΟΣ
DET_RadioPainting,"Ένας πίνακας με μια ήρεμη ακτή.
Νιώθω ότι έχω ξαναδεί αυτόν τον πίνακα…"
DET_RadioPainting2,Ένα σκίτσο με βράχια δίπλα στη θάλασσα.
MED_AirVentKeyObservation,"Μέσα στον αεραγωγό υπάρχει μια κάρτα, αλλά οι σχισμές της σχάρας είναι πολύ στενές για να βάλω το χέρι μου."
MED_AirVentNeedWrench,Χρειάζομαι ένα <style=red>κλειδί</style> με το σωστό <style=red>καρυδάκι</style> για να βγάλω τη σχάρα του αεραγωγού.
MED_VCR Failure,"Μια τηλεόραση με ενσωματωμένο <style=red>βίντεο κασετών</style>.
Αν είχα μια <style=red>Βιντεοκασέτα</style>, θα μπορούσα να τη δω εδώ."
MED_Card_Header,SZKDS v3 ΣΥΣΤΗΜΑ ΕΚΤΥΠΩΣΗΣ ΚΑΡΤΩΝ ΑΣΦΑΛΟΥΣ ΠΡΟΣΒΑΣΗΣ
MED_Card_Prompt1,"ΒΑΛΤΕ ΚΕΝΗ ΚΑΡΤΑ
ΓΙΑ ΕΚΤΥΠΩΣΗ"
MED_Card_Prompt2,"ΕΚΤΥΠΩΣΗ ΑΥΤΗΣ
ΤΗΣ ΡΥΘΜΙΣΗΣ;"
MED_Card_UI_Select,Επιλογή
MED_Card_UI_Confirm,Επιβεβαίωση επιλογής
MED_Card_UI_Print,ΕΚΤΥΠΩΣΗ ΣΧΕΔΙΟΥ
MED_Card_UI_Define,ΟΡΙΣΜΟΣ ΣΧΕΔΙΟΥ
MED_Card_UI_Start,ΕΠΙΛΟΓΗ ΑΡΧΙΚΟΥ ΚΟΜΒΟΥ
MED_Xray_Turn,Γύρισμα δείγματος
MED_Xray_Toggle,Αλλαγή προβολής
MED_Patient,"Υπάρχει κάποια μέσα στη σκηνή οξυγόνου.
Είναι δύσκολο να την κοιτάξω."
MED_Flooded,"Το πάτωμα έχει καταρρεύσει.
Βλέπω το κάτω επίπεδο μέσα από το νερό.
Μάλλον θα μπορούσα να πέσω κάτω με ασφάλεια, αν δεν ήταν πλημμυρισμένο."
MED_ElemLockEarth,Χρειάζεται: <style=red>Κλειδί της Γης</style>.
MED_BathroomAra,"Μια νεκρή μονάδα Ara.
Φαίνεται παράξενα γαλήνια."
MED_Bodybag,Ένας σάκος πτώματος… Καλύτερα να μην τον ανοίξω.
MED_HoleMessage,Φαίνεται ότι μπορώ να πέσω με ασφάλεια στο από κάτω δωμάτιο.
MED_HoleQuestion,Να πέσω κάτω;
RES_School_Intro,"[Isa] Πρέπει να με πήρε ο ύπνος όσο περίμενα την Erika.
[Isa] Μήπως πήγε σπίτι χωρίς εμένα;
[Isa] Θέλαμε να πάρουμε μαζί κάποια βιβλία από τη βιβλιοθήκη.
[Isa] Πρέπει να δω αν είναι ακόμα εκεί."
RES_School_Window1,"[Isa] Χιονίζει.
[Isa] Πάντα χιονίζει."
RES_School_Window2,[Isa] Η Erika μάλλον με περιμένει στη βιβλιοθήκη.
RES_School_Chairs,[Isa] Όλοι έχουν ήδη πάει σπίτι.
RES_School_Blackboard,"[Isa] Είναι άδειος. Η Eule πάντα τον σβήνει πριν προλάβω να κρατήσω όλες τις σημειώσεις μου, οπότε πρέπει να αντιγράφω της Erika.
[Isa] Χαίρομαι που είμαστε στην ίδια τάξη, ακόμα κι αν μπερδεύονται οι δάσκαλοι."
RES_School_Leaders,[Isa] Πορτρέτα των Ηγετών.
RES_School_Exit,[Isa] Ήθελα να πάω στη βιβλιοθήκη να βρω την Erika πριν πάω σπίτι.
RES_School_RunSign,Απαγορεύεται το τρέξιμο στους διαδρόμους
RES_School_LoiterSign,Απαγορεύεται η περιφορά
RES_School_SchoolName,Rotfront Sektor C§Πολυτεχνικό Λύκειο Mandelbrot
RES_School_Library,Βιβλιοθήκη
RES_ShrineDialMissing,Υπάρχει μια τρύπα στο μπροστινό μέρος του κουτιού. Φαίνεται ότι λείπει κάτι από τον μηχανισμό.
RES_Radio,Ένας μικρός πομπός. Είναι ρυθμισμένος να εκπέμπει το σήμα του κασετοφώνου στη συχνότητα 142.00 kHz.
RES_TapeDeckFailure,"Ένα κασετόφωνο συνδεδεμένο με τον πομπό. Αν είχα μια <style=red>κασέτα ήχου</style>, μάλλον θα μπορούσα να εκπέμψω το περιεχόμενό της στο ραδιόφωνο."
RES_TapeDeck,Ένα κασετόφωνο συνδεδεμένο με τον πομπό.
RES_Flashlight,Πάνω στο τραπέζι υπάρχει μια <style=red>ενότητα φακού</style>.
RES_TapePlayer,Ένα φορητό κασετόφωνο με ένα μαχαίρι καρφωμένο στο ηχείο.
RES_MusicBox,"Ένα βαρύ κουτί σε σχήμα κουκουβάγιας. Πάνω έχει μικρές τρύπες, σαν ηχείο ή μικρόφωνο."
RES_PaterNosterOff,"Ο ανελκυστήρας paternoster μοιάζει να είναι χωρίς ρεύμα.
Αναρωτιέμαι αν υπάρχει τρόπος να τον ανάψω…"
RES_FalkeCorpse,"Μια μονάδα Falke.
…είναι νεκρή;
Φαίνεται παράξενα γαλήνια έτσι όπως είναι ξαπλωμένη."
RES_Engine,Μοιάζει με μηχανή που κινεί έναν ανελκυστήρα paternoster.
RES_Shutter,"Η πόρτα είναι κλειδωμένη με ενισχυμένο ρολό.
Χρειάζομαι την κατάλληλη <style=red>λαβή για το ρολό</style> για να την ανοίξω."
RES_PaintingHint,Υπάρχει μια <style=red>κλειδαρότρυπα</style> στον πίνακα.
RES_PaintingObs,Ένας πίνακας με ένα παράξενο νησί. Κάπως μου φαίνεται πολύ γνωστό.
RES_WorkshopHint,Πρέπει να φτιάξω την <style=red>κομμένη ταινία</style> μέσα στην κασέτα πριν την παίξω.
RES_TramLocked,"Είναι ο ανελκυστήρας για το φρεάτιο του ορυχείου.
Χρειάζομαι το <style=red>Κλειδί του Διαχειριστή</style> για να τον καλέσω."
RES_TramControls,"Είναι τα χειριστήρια του ανελκυστήρα για το ορυχείο. Αν ζει ακόμα, μάλλον είναι εκεί."
RES_TramControlsQ,Να πάρω τον ανελκυστήρα για το ορυχείο;
EXC_HatchMessage,Το φρεάτιο μέσα από την καταπακτή έχει μια μικρή κλίση. Φαίνεται ασφαλές να γλιστρήσω κάτω.
EXC_HatchQuestion,Να γλιστρήσω κάτω;
EXC_HoleMessage,"Υπάρχει μια τεράστια τρύπα στο έδαφος. Ακούω νερό από κάτω.
Φαίνεται ότι δεν υπάρχει άλλος δρόμος."
EXC_HoleQuestion,Να πηδήξω στην τρύπα;
EXC_Ges_Tome,Δεν μπορώ να το φτάσω.
LAB_Tree_Empty,Στην πόρτα υπάρχει μια εξάγωνη υποδοχή.
LAB_Tree_Doll,"Η βάση της κούκλας έχει το μέγεθος της υποδοχής, αλλά δε μένει στη θέση της."
LAB_Pattern_Micro,Ένα παλιό μικρόφωνο είναι συνδεδεμένο στη συσκευή.
LAB_Pattern_Bell,Κάτω από τη γυάλινη καμπάνα υπάρχει μια παράξενη συσκευή. Είναι συνδεδεμένη με το μικρόφωνο.
LAB_Shrine_Missing,Μπροστά από τον βωμό των προγόνων υπάρχει ένα μικρό κύπελλο με άμμο για <style=red>προσφορές</style>.
LAB_Shrine_Plates,"Πλάκες των προγόνων είναι στη σειρά στον τοίχο. Τα ονόματα δε διαβάζονται, γιατί έχουν φθαρεί."
LAB_Radio_Lamp,Μια παλιά λάμπα είναι πάνω στο τραπέζι.
LAB_Obs_MorgueBodies,Άψυχα σώματα Replika είναι ξαπλωμένα στους πάγκους.
LAB_Obs_MorgueTools,Σκουριασμένα χειρουργικά εργαλεία. Δε μου χρησιμεύουν σε πολλά.
LAB_HoleMessage,Υπάρχει μια μεγάλη τρύπα στη σάρκα που πάλλεται.
LAB_HoleQuestion,Να πέσω κάτω;
LAB_Rifle,"Το τουφέκι που κρατούσε η Isa.
Παίρνει κάποιο γελοίο αντιαρματικό φυσίγγιο.
Δεν είναι περίεργο που την έριξε κάτω η ανάκρουση."
LAB_Rifle2,"Το τουφέκι που κρατούσε η Isa.
Καλύτερα να μην πάρω τίποτα δικό της χωρίς άδεια."
LAB_IsaFail,Δεν ξυπνάει…
MEM_ArianeNotReady,Πρέπει να τελειώσω τον γύρο ελέγχου συντήρησης πριν πάω να δω την Ariane.
MEM_Sealed,"Ανάμεσα στα έγγραφα υπάρχει ένας σφραγισμένος φάκελος.
Γράφει «Απόρρητες πληροφορίες Replika. Μόνο για Gestalt αξιωματικούς».
Δεν έχει ανοιχτεί.
Δεν επιτρέπεται να ανοίξω αυτόν τον φάκελο. Μάλλον έχει απόρρητες πληροφορίες για μένα."
MEM_SealedQ,Να τον ανοίξω παρ' όλα αυτά;
MEM_SealedF,Δε νιώθω καλά με αυτό…
MEM_CryoDiagnostic,"Η μονάδα έκτακτης κρυογονικής νάρκης.
Σε περίπτωση ιατρικού επείγοντος που δεν μπορεί να αντιμετωπιστεί στο σκάφος, τα Gestalt μέλη του πληρώματος μπαίνουν εδώ σε νάρκη.
Όλα τα συστήματα κανονικά.
Ελπίζω να μη χρειαστεί ποτέ να τη χρησιμοποιήσουμε."
MEM_CryoDiagnostic1,Έλεγχος: Όλα τα συστήματα κανονικά.
MEM_PC_Readout,"<align=""center"">ΟΘΟΝΗ ΚΑΤΑΣΤΑΣΗΣ ΣΚΑΦΟΥΣ ΑΝΙΧΝΕΥΣΗΣ</align>

ΚΑΤΑΣΤΑΣΗ: ΣΕ ΠΟΡΕΙΑ
ΤΟΠΟΘΕΣΙΑ: ΣΤΗΝ ΠΟΡΕΙΑ

<indent=-34%><align=""center"">---ΑΝΑΦΟΡΑ---</align></indent>
ΚΑΤΑΣΤΑΣΗ ΠΛΗΡΩΜΑΤΟΣ:
    A. YEONG, GESTALT ΠΙΛΟΤΟΣ   - ΕΝΕΡΓΗ (ΠΡΟΣΩΠΙΚΟ)
    LSTR-512, ΜΟΝΑΔΑ REPLIKA    - ΕΝΕΡΓΗ (ΤΡΑΠΕΖΑΡΙΑ)


<indent=-34%><align=center>
/////////// ΣΗΜΕΙΩΣΗ ///////////
ΝΑ ΤΗΡΕΙΤΕ ΠΑΝΤΑ ΤΟΥΣ ΚΑΝΟΝΙΣΜΟΥΣ
//////////////////////////////"
MEM_CockpitOutside,Διάστημα.
MEM_Controls1,"Ο πίνακας ελέγχου του σκάφους.
Όλα τα συστήματα κανονικά."
MEM_Controls2,"Ο αριστερός πίνακας ελέγχου.
Όλα είναι εντάξει."
MEM_Controls3,"Ο δεξιός πίνακας ελέγχου.
Όλα τα συστήματα πράσινα."
MEM_Controls4,Ο πίνακας ελέγχου του σκάφους. Δε χρειάζεται να τον χρησιμοποιήσω τώρα.
MEM_Controls5,Η οθόνη βοήθειας προσγείωσης και πρόσδεσης.
MEM_Reaktor,Το σύστημα έγχυσης ψυκτικού του αντιδραστήρα. Δεν εντοπίστηκαν διαρροές.
MEM_Plant,Είναι ένα μικρό φυτό εσωτερικού χώρου.
MEM_Painting,Ο πίνακας που ζωγραφίζει τελευταία η Ariane. Μια ήρεμη ακτή.
MEM_Meat,Μέσα στην κρυοκάψουλα υπάρχει μια τεράστια μάζα από σάρκα.
MEM_Corpse,"Πήρα ό,τι χρειαζόμουν."
MEM_HoleMessage,Δεν μπορώ να σταματήσω τώρα.
MEM_HoleQuestion,Να συνεχίσω;
BIO_Tafel,«Έχεις ξανάρθει εδώ».
BIO_Reception,Την έχει καταπιεί η σάρκα.
BIO_BathroomMirror,Κάτι άλλαξε.
ROT_Mural_Buyan,«Buyan».
ROT_Mural_Vineta,«Vineta».
ROT_Mural_Kitezh,«Kitezh».
ROT_Mural_Rotfront,«Rotfront».
ROT_Mural_Heimat,«Heimat».
ROT_Mural_Leng,«Leng».
ROT_Butterfly_Painting_Label,«Παρειδωλία».
ROT_Packstation_Hint,Ένας σαρωτής κωδικών matrix.
ROT_Painting_Hint,"Φαίνεται ότι μέσα στην μπογιά του πίνακα είναι κολλημένο ένα τραπουλόχαρτο.
Η μπογιά είναι πολύ παχιά για να βγάλω την κάρτα χωρίς να τη διαλύσω πρώτα."
ROT_Painting_Hint2,"Ένα νησί που μου φαίνεται γνωστό, ζωγραφισμένο πάνω σε μια συμπαγή μεταλλική πλάκα."
ROT_Keypad_DoorHint,Η πόρτα είναι κλειδωμένη. Μάλλον ανοίγει με το πληκτρολόγιο δίπλα της.
ROT_Keypad_Nametag,«Itou».
ROT_MeatBlocker_Blocked,Μια μάζα από σάρκα κλείνει την πόρτα.§Δεν υπάρχει πέρασμα.
ROT_PC_Download_Explain,Μεταφορά δεδομένων στη μνήμη της Replika...
ROT_PC_Download,Λήψη όλων
ROT_Medifile_Header,Στοιχεία ασθενών (αρχείο)
ROT_Medifile_1_Name,"Ang, Gabriele"
ROT_Medifile_1,"Όνομα: Ang, Gabriele
PKZ: NGGBRL-R-0156d
Ημ. γέννησης: (Rotfront) 1S 56P d
Κόσμος γέννησης: Rotfront
Κόσμος κατοικίας: Rotfront
Επάγγελμα: Οικοδόμος (συνταξιούχος)
Κατοικία (Sektor): ROT-C
Ιατρικό ιστορικό:
Χρόνιο άσθμα
Οστεοπόρωση
Σοβαρή απώλεια ακοής
Σημειώσεις γιατρού: Ζητήθηκε κοχλιακό εμφύτευμα."
ROT_Medifile_2_Name,"Fong, Roswita"
ROT_Medifile_2,"Όνομα: Fong, Roswita
PKZ: FORSWT-V-350202
Ημ. γέννησης: (Rotfront) -6S 20P a
Κόσμος γέννησης: Vineta
Κόσμος κατοικίας: Rotfront
Επάγγελμα: Τεχνικός Replika (συνταξιούχος)
Κατοικία (Sektor): ROT-C
Ιατρικό ιστορικό:
Χρόνια αποφρακτική πνευμονοπάθεια
Σκλήρυνση κατά πλάκας
Αϋπνία
Σημειώσεις γιατρού: Η ασθενής ξεχνάει τα φάρμακά της."
ROT_Medifile_3_Name,"Gao, Waltraud"
ROT_Medifile_3,"Όνομα: Gao, Waltraud
PKZ: GAWLTR-R-0276b
Ημ. γέννησης: (Rotfront) 2S 76P b
Κόσμος γέννησης: Rotfront
Κόσμος κατοικίας: Rotfront
Επάγγελμα: Εργάτρια εργοστασίου
Κατοικία (Sektor): ROT-C
Ιατρικό ιστορικό:
Ερεθιστικό βρογχικό άσθμα
Σημειώσεις γιατρού: Δεν αντέδρασε καλά στα αντιβιοτικά."
ROT_Medifile_4_Name,"Itou, Erika"
ROT_Medifile_4,"Όνομα: Itou, Erika
PKZ: ITERIK-V-560524
Ημ. γέννησης: (Rotfront) 14S 52P c
Κόσμος γέννησης: Vineta
Κόσμος κατοικίας: Rotfront
Επάγγελμα: Φοιτήτρια
Κατοικία (Sektor): ROT-C
Ιατρικό ιστορικό:
Διάστρεμμα αστραγάλου, βαθμού I
Σημειώσεις γιατρού: Πολύ δραστήρια στον αθλητισμό."
ROT_Medifile_5_Name,"Itou, Isolde"
ROT_Medifile_5,"Όνομα: Itou, Isolde
PKZ: ITISLD-V-560524
Ημ. γέννησης: (Rotfront) 14S 52P c
Κόσμος γέννησης: Vineta
Κόσμος κατοικίας: Rotfront
Επάγγελμα: Υπάλληλος καταστήματος
Κατοικία (Sektor): ROT-C
Ιατρικό ιστορικό:
Μικρό κάταγμα, αριστερή κνήμη
Διπλό κάταγμα, δεξί χέρι
Μεγάλη τομή, μέτωπο
Σημειώσεις γιατρού: Τακτική θεραπεία για μικρά τραύματα. Πολύ επιρρεπής σε ατυχήματα."
ROT_Medifile_6_Name,"Kho, Ulrike"
ROT_Medifile_6,"Όνομα: Kho, Ulrike
PKZ: KHULRK-K-520702
Ημ. γέννησης: (Rotfront) 10S 62P a
Κόσμος γέννησης: Kitezh
Κόσμος κατοικίας: Rotfront
Επάγγελμα: Μηχανικός
Κατοικία (Sektor): ROT-C
Ιατρικό ιστορικό:
Ερεθιστικό βρογχικό άσθμα
Σημειώσεις γιατρού: (Αφαιρέθηκαν)"
ROT_Medifile_7_Name,"Li, Saskia"
ROT_Medifile_7,"Όνομα: Li, Saskia
PKZ: LISSKI-R-2939b
Ημ. γέννησης: (Rotfront) 29S 39P b
Κόσμος γέννησης: Rotfront
Κόσμος κατοικίας: Rotfront
Επάγγελμα: Μαθήτρια
Κατοικία (Sektor): ROT-C
Ιατρικό ιστορικό:
Βρογχική λοίμωξη
Σημειώσεις γιατρού: Άγνωστη αιτία."
ROT_Medifile_8_Name,"Liang, Rebecca"
ROT_Medifile_8,"Όνομα: Liang, Rebecca
PKZ: LNGRBCC-V-500106
Ημ. γέννησης: (Rotfront) 8S 12P b
Κόσμος γέννησης: Vineta
Κόσμος κατοικίας: Rotfront
Επάγγελμα: Βιολόγος
Κατοικία (Sektor): ROT-C
Ιατρικό ιστορικό:
Ιγμορίτιδα
Σημειώσεις γιατρού: Η μερίδα αντικαταθλιπτικών διπλασιάστηκε."
ROT_Medifile_9_Name,"Nguyen, Nikolai"
ROT_Medifile_9,"Όνομα: Nguyen, Nikolai
PKZ: NGNKOL-R-2122c
Ημ. γέννησης: (Rotfront) 21S 22P c
Κόσμος γέννησης: Rotfront
Κόσμος κατοικίας: Rotfront
Επάγγελμα: Συγγραφέας
Κατοικία (Sektor): ROT-C
Ιατρικό ιστορικό:
Πόνος στη θωρακική μοίρα της πλάτης
Σημειώσεις γιατρού: Ισχυρίζεται ότι δεν μπορεί να πάρει μέρος στην κοινή πρωινή γυμναστική."
ROT_Medifile_10_Name,"Yeong, Ariane"
ROT_Medifile_10,"Όνομα: Yeong, Ariane
PKZ: YNGARN-L-5921D
Ημ. γέννησης: (Rotfront) 18S 6P a
Κόσμος γέννησης: Leng
Κόσμος κατοικίας: Rotfront
Επάγγελμα: Αξιωματικός ασυρμάτου
Κατοικία (Sektor): ROT-C
Ιατρικό ιστορικό:
Αϋπνία, μώλωπες, πρόωρο άσπρισμα μαλλιών
Σημειώσεις γιατρού: (Αφαιρέθηκαν)"
ROT_Medifile_11_Name,"Yi, Siegfried"
ROT_Medifile_11,"Όνομα: Yi, Siegfried
PKZ: YSGFRD-R-1815a
Ημ. γέννησης: (Rotfront) 18S 15P a
Κόσμος γέννησης: Rotfront
Κόσμος κατοικίας: Rotfront
Επάγγελμα: Καθαριστής
Κατοικία (Sektor): ROT-C
Ιατρικό ιστορικό:
Ερεθιστικό βρογχικό άσθμα, δερματίτιδα εξ επαφής
Σημειώσεις γιατρού: Επανειλημμένη επαφή με χημικά ερεθιστικά στη δουλειά."
ROT_Medifile_Disclaimer,"ΙΑΤΡΙΚΗ
ΒΑΣΗ ΔΕΔΟΜΕΝΩΝ
- ΙΔΙΩΤΙΚΑ ΔΕΔΟΜΕΝΑ-
ΜΟΝΟ ΓΙΑ ΙΑΤΡΙΚΟ
ΠΡΟΣΩΠΙΚΟ"
ROT_Email_An,ΠΡΟΣ
ROT_Email_Von,ΑΠΟ
ROT_Email_Betreff,ΘΕΜΑ
ROT_Email_1_RE,Αίτηση εφοδιασμού
ROT_Email_1,"Η αίτησή σας για ένα υποπολυβόλο Τύπου-84 εγκρίθηκε.

Αρμόδιος φορέας: AEON-Kommando Rotfront Nord
Protektor: KLBR-R16-04
Έγκριση: Blockwart ROT-C

1 x Τύπου-84 'Drache', ριπή
120 x Wuqiong 8-Kompakt 8x22mm πυρομαχικά"
ROT_Email_2_RE,ΑΠ: Κλειδιά φωτογραφείου
ROT_Email_2,"Ο κλειδαράς είπε ότι θα πάρει τουλάχιστον μία Περίοδο μέχρι να φτιαχτεί το νέο κλειδί. Το μόνο άλλο κλειδί το έχει η ανιψιά μου, αλλά είναι ακόμα στο νοσοκομείο.
-Kamilla Yeong"
ROT_Email_3_RE,Προσοχή.
ROT_Email_3,"Προς τον Blockwart του Sektor C: Κυκλοφορούν φήμες ότι δρα ένας αυτοκρατορικός κατάσκοπος στην περιοχή σας.
Μια Ειδική Μονάδα Επιχειρήσεων Protektor στάλθηκε από το αρχηγείο της AEON στο Heimat για να ερευνήσει, και θα φτάσει μέσα σε 6-12 κύκλους.
Περιττό να πω ότι, αν τα καταφέρουν, αυτό δε θα φανεί καλά στο μητρώο σας.
Ξέρετε τι πρέπει να κάνετε."
ROT_Email_4_RE,Εποχική αξιολόγηση
ROT_Email_4,"KLBR-R16-04,
Όπως κάθε εποχή, η απόδοσή σας θα αξιολογηθεί σύντομα από την τοπική Διοίκηση. Θυμηθείτε ότι αυτή η αξιολόγηση θα κρίνει αν θα σημειωθείτε για αντικατάσταση."
ROT_Email_5_RE,ΑΠ: Κλειδιά βιβλιοπωλείου
ROT_Email_5,"Καταλαβαίνω ότι χρειάζεστε πρόσβαση στο βιβλιοπωλείο για την περιπολία σας, αλλά δεν έχουμε εφεδρικό κλειδί για την μπροστινή πόρτα. Μπορείτε όμως να μπείτε από την πίσω είσοδο. Κλειδώνει με πληκτρολόγιο.
Ο κωδικός είναι τα γενέθλια των κορών μου (σημείωση: γεννήθηκαν στη Vineta - δείτε τα 6 τελευταία ψηφία των αριθμών PKZ τους).
Με εκτίμηση,
Anja Itou"
ROT_Email_6_RE,ΑΠ: Μετεγκατάσταση
ROT_Email_6,Όχι.
ROT_Antenna_Readme,"ΔΙΑΒΑΣΤΕ ΜΕ
Λόγω περιορισμών στο ρεύμα, μόνο λίγες κεραίες του δικτύου έχουν ρεύμα κάθε φορά.
Για να βρείτε ποιες κεραίες έχουν ρεύμα, χρησιμοποιήστε το πρόγραμμα «Antenne» για να εντοπίσετε τη σωστή κεραία με τριγωνισμό.
Σημειώστε την κεραία στην οποία ακούγεται το δοκιμαστικό σήμα και στα δύο πιάτα.
Στο πρόγραμμα «Transmit», βάλτε τον αριθμό της κεραίας και επιλέξτε το σωστό αρχείο ήχου για εκπομπή."
ROT_Antenna_Elster,Κίσσα
ROT_Antenna_Poly,Πολυφωνικό
ROT_Antenna_Bells,Καμπάνες
ROT_Antenna_Send,Αποστολή
ROT_Antenna_Mode,Αρχείο
ROT_Antenna_Anten,Κεραία
ROT_Antenna_Sent,ΤΟ ΑΡΧΕΙΟ ΣΤΑΛΘΗΚΕ ΣΤΗΝ ΚΕΡΑΙΑ !!!
ROT_Antenna_Unpowered,Η ΚΕΡΑΙΑ ΔΕΝ ΕΧΕΙ ΡΕΥΜΑ !!!
ROT_Antenna_Note,"ΠΙΑΤΟ ΛΗΨΗΣ
ΛΕΙΤΟΥΡΓΙΑ: DUPLEX

ΤΟ ΣΗΜΑ
ΑΝΑΜΕΤΑΔΙΔΕΤΑΙ
ΤΟΠΙΚΑ


ΒΑΛΤΕ ΤΟ ΡΑΔΙΟΦΩΝΟ
ΣΤΗ ΣΥΧΝΟΤΗΤΑ:"
ROT_Antenna_Rotation,ΠΕΡΙΣΤΡΟΦΗ
ROT_Steampipes_Hint,"Μια διαρροή αερίου κλείνει τον δρόμο.
Χρειάζομαι έναν <style=red>χειροτροχό</style> για να κλείσω το αέριο."
ROT_MeatGrinderMessage,Η κιμαδομηχανή μοιάζει χαλασμένη.§Φαίνεται ασφαλές να πέσω από εδώ στον από κάτω όροφο.
ROT_MeatGrinderQuestion,Να πέσω κάτω;
ROT_MagpieBox_Observation,"Στο κουτί υπάρχει η εικόνα μιας κίσσας, πάνω από κάτι που μοιάζει με μικρό ηχείο ή μικρόφωνο."
ROT_Mural_RingObs,Φαίνεται ότι λείπει ο δακτύλιος του καντράν.
ROT_Obs_StoreBook,Βιβλιοπωλείο Itou
ROT_Obs_StoreFoto,Φωτογραφείο Yeong
ROT_Obs_StorePC,Elektro ROT-C
ROT_Obs_StorePC2,Ηλεκτρονικά
ROT_Obs_StoreDeli,Ταβέρνα 'Zum Turm'
ROT_Obs_StoreMask,"Li Ρούχα, Μάσκες, Στολές"
ROT_Pickup_Dial,"Η μάζα από κρέας κατάπιε τον φωταγωγό από πάνω, και έπεσαν κάποια συντρίμμια που είχαν πιαστεί στα δίχτυα."
ROT_MeatRoomDoorHint,"Είναι κλειδωμένο. Χρειάζεται κλειδί.
Στην πόρτα γράφει <style=red>«Δωμάτιο 0512»</style>."
ROT_SafeLockFail,Είναι κλειδωμένο. Χρειάζεται κλειδί.
ROT_Artifact,Λευκά κρίνα.
ROT_ArtifactQ,Να πάρω το <color=#00ffae>Λουλούδι</color>;
END_CR_PC,Η οθόνη του υπολογιστή είναι κενή.
END_CR_Lightswitch,Ένας διακόπτης φωτός. §Δε χρειάζεται να σβήσω το φως.
END_CR_Flag,Η εθνική σημαία. Δε σημαίνει τίποτα.
END_CR_Radio,Ο παλιός πομπός της Ariane. Ακόμα εκπέμπει…
END_CR_Photos,Ασπρόμαυρες φωτογραφίες από τους πίνακες που ζωγράφιζε η Ariane.
END_CR_WallText,Εδώ ήταν κάποτε το σπίτι της.
END_CR_Books1,Παλιά αυτοκρατορικά περιοδικά. Η Ariane λάτρευε να τα διαβάζει.
END_CR_Books2,Βιβλία για τη χρήση ασυρμάτου. Ήταν της μητέρας της Ariane.
END_CR_Door,Η πόρτα δεν ανοίγει ακόμα.
END_CR_Bed,Ένα σκονισμένο κρεβάτι. Εδώ κοιμόταν η Ariane.
END_CR_Wardrobe,Μια παλιά ξύλινη ντουλάπα. Εδώ κρατούσε η Ariane τα ρούχα της.
END_Tome,"Η τελευταία σφραγίδα έσπασε.
Ήρθε η ώρα να πάω σπίτι."
END_TomeQ,Να πάρω το <color=#f2c700>Ο Βασιλιάς με τα Κίτρινα</color>;
END_NoBack,Δεν έχει νόημα να γυρίσω πίσω.
END_Leave,Αυτό είναι το τέλος.
END_LeaveQ,Να φύγω για πάντα;
END_Elster,"Δεν μπόρεσα να κρατήσω την υπόσχεσή μου.
Όσο κι αν προσπάθησα, στο τέλος αρρώστησα κι εγώ.
Έπρεπε να τελειώσει έτσι."
END_Paintings,Άλλος ένας ημιτελής πίνακας. Ο χρόνος δεν έφτανε ποτέ.
END_Reaktor,"Το σύστημα ψύξης του αντιδραστήρα. Χύνει παντού ραδιενεργό ψυκτικό.
Προσπάθησα όσο μπορούσα να το μπαλώσω, αλλά στο τέλος τελείωσαν τα ανταλλακτικά."
END_Garbage,"Σακούλες σκουπιδιών. Στο τέλος, δεν είχαμε πια τη δύναμη να τις πετάξουμε."
END_Cryo,"Ήρθε η ώρα.
Αυτό είναι ό,τι έμεινε."
END_CryoQ,Να πάω σπίτι;
Darkness_1,Είναι πολύ σκοτεινά για να δω.
Darkness_2,Είναι πολύ σκοτεινά. Δε βλέπω τίποτα.
Darkness_3,Δε βλέπω.
PEN_UpperDeck Forward Hall,Μπροστινή αίθουσα
PEN_UpperDeck Upper Gallery,Πάνω διάδρομος
PEN_UpperDeck Personnel,Προσωπικό
PEN_UpperDeck Cryogenics,Κρυογονική
PEN_UpperDeck Airlock,Αεροστεγής θάλαμος
PEN_UpperDeck Flight Deck,Πιλοτήριο
PEN_UpperDeck Stern Hall,Πίσω αίθουσα
PEN_UpperDeck Mess Hall,Τραπεζαρία
PEN_UpperDeck Storage,Αποθήκη
PEN_UpperDeck Medical,Ιατρείο
PEN_UpperDeck Reaktor,Αντιδραστήρας
PEN_LowerDeck Maintenance,Συντήρηση
PEN_LowerDeck Lower Gallery,Κάτω διάδρομος
MEM_UpperDeck Forward Hall,Μπροστινή αίθουσα
MEM_UpperDeck Upper Gallery,Πάνω διάδρομος
MEM_UpperDeck Personnel,Προσωπικό
MEM_UpperDeck Cryogenics,Κρυογονική
MEM_UpperDeck Airlock,Αεροστεγής θάλαμος
MEM_UpperDeck Flight Deck,Πιλοτήριο
MEM_UpperDeck Stern Hall,Πίσω αίθουσα
MEM_UpperDeck Mess Hall,Τραπεζαρία
MEM_UpperDeck Storage,Αποθήκη
MEM_UpperDeck Medical,Ιατρείο
MEM_UpperDeck Reaktor,Αντιδραστήρας
MEM_LowerDeck Maintenance,Συντήρηση
MEM_LowerDeck Lower Gallery,Κάτω διάδρομος
LOV_Reeducation Surface Access,Πρόσβαση στην επιφάνεια
LOV_Reeducation Elevator,Ανελκυστήρας Protektor
LOV_Reeducation EV Lobby LOV,Χώρος ανελκυστήρα
LOV_Reeducation Bathroom,Τουαλέτα
LOV_Reeducation West Corridor,Διάδρομος
LOV_Reeducation Staff Room,Γραφείο προσωπικού
LOV_Reeducation Hole Class,Αίθουσα 4C
LOV_Reeducation Safe Class,Αίθουσα 4B
LOV_Reeducation East Corridor,Διάδρομος
LOV_Reeducation Library,Βιβλιοθήκη
LOV_Reeducation South Corridor,Διάδρομος
LOV_Reeducation Office,Παρατήρηση
LOV_Reeducation Aula,Aula
DET_Detention Cell block,Πτέρυγα A7
DET_Detention South Corridor,Νότιος διάδρομος
DET_Detention EV Lobby,Χώρος ανελκυστήρα
DET_Detention Elevator,Ανελκυστήρας Protektor
DET_Detention Tram Ramp,Πρόσβαση στο ορυχείο
DET_Detention Cell block North,Πτέρυγα A6
DET_Detention Lockers,Αποδυτήρια
DET_Detention Showers,Ντους
DET_Detention Registration Office,Μητρώο
DET_Detention North Corridor,Βόρειος διάδρομος
DET_Detention Evidence Storage,Αποθήκη πειστηρίων
DET_Detention First Aid,Πρώτες βοήθειες
DET_Detention Office,Γραφείο
DET_Detention Isolation,Απομόνωση
DET_Detention Interrogation,Ανακριτήριο
DET_Detention Northwest Corridor,Βορειοδυτικός διάδρομος
DET_Detention Northeast Corridor,Βορειοανατολικός διάδρομος
DET_Detention Protektor Bathroom,Τουαλέτα Protektor
DET_Detention Store Room,Αποθήκη
DET_Detention Kitchen,Κουζίνα
DET_Detention Mensa,Εστιατόριο
DET_Detention Southeast Corridor,Νοτιοανατολικός διάδρομος
DET_Detention Rationing,Γραφείο τροφίμων
DET_Detention Worker Bathroom,Τουαλέτα εργατών
DET_Detention Pantry,Αποθήκη τροφίμων
MED_UpperMedical Elevator,Ανελκυστήρας Protektor
MED_UpperMedical EV Lobby,Χώρος ανελκυστήρα
MED_UpperMedical East Corridor,Ανατολικός διάδρομος
MED_UpperMedical West Corridor,Δυτικός διάδρομος
MED_UpperMedical Waiting Room,Αίθουσα αναμονής
MED_UpperMedical Surgery,Χειρουργείο
MED_UpperMedical Pump Room,Αντλιοστάσιο
MED_UpperMedical Protektor Bathroom,Τουαλέτα Protektor
MED_UpperMedical Store Room,Αποθήκη
MED_UpperMedical Pipes,Σωληνώσεις
MED_UpperMedical North Corridor,Βόρειος διάδρομος
MED_UpperMedical South Corridor,Νότιος διάδρομος
MED_UpperMedical Reception,Υποδοχή
MED_UpperMedical Office,Γραφείο
MED_UpperMedical Exam Room,Αίθουσα εξετάσεων
MED_UpperMedical Imaging,Ακτινολογικό
MED_UpperMedical Morgue,Νεκροτομείο
MED_UpperMedical Incinerator,Αποτεφρωτήρας
MED_UpperMedical Nurse Station,Σταθμός νοσηλευτών
MED_UpperMedical ICU 01,ΜΕΘ 01
MED_UpperMedical ICU 02,ΜΕΘ 02
MED_UpperMedical HDU 02,ΜΑΦ 02
MED_LowerMedical Pipes,Σωληνώσεις
MED_LowerMedical Sleeping Ward,Θάλαμος ύπνου
MED_LowerMedical Flooded Bathroom,Πλημμυρισμένη τουαλέτα
MED_LowerMedical Flooded Store Room,Πλημμυρισμένη αποθήκη
MED_LowerMedical Flooded Office,Πλημμυρισμένο γραφείο
MED_LowerMedical Flooded Corridor,Πλημμυρισμένος διάδρομος
MED_LowerMedical Vent Room,Αίθουσα εξαερισμού
MED_LowerMedical Surgery,Χειρουργείο
RES_4F EV Lobby,Χώρος ανελκυστήρα
RES_4F Maintenance Office,Γραφείο συντήρησης
RES_4F Engine Room,Μηχανοστάσιο paternoster
RES_4F Flood Overflow,Υπερχείλιση
RES_3F Flood Overflow,Υπερχείλιση
RES_3F EULR Dorm,Κοιτώνας EULR
RES_3F East Hallway,Διάδρομος καθαριστηρίου
RES_3F North Hallway,Βόρειος διάδρομος
RES_3F STCR Dorm,Κοιτώνας STCR
RES_3F Repair Bay,Χώρος επισκευών
RES_3F Shooting Range,Σκοπευτήριο
RES_3F South Hallway,Διάδρομος εργαστηρίου
RES_3F Workshop,Εργαστήριο
RES_3F ARAR Dorm,Κοιτώνας ARAR
RES_2F Flood Overflow,Υπερχείλιση
RES_2F South Hallway,Διάδρομος τραπεζαρίας
RES_2F North Hallway,Βόρειος διάδρομος
RES_2F East Hallway,Διάδρομος πιάνου
RES_2F Management Office,Γραφείο διοίκησης
RES_2F Piano Room,Δωμάτιο με πιάνο
RES_2F Kitchen,Τραπεζαρία
RES_2F STAR Dorm (1),Κοιτώνας STAR
RES_2F STAR Dorm (2),Κοιτώνας STAR
RES_2F Protektor Office,Γραφείο Protektor
RES_2F Protektor Archive,Αρχείο Protektor
RES_1F Flood Overflow,Υπερχείλιση
RES_1F Library,Βιβλιοθήκη
RES_1F East Hallway,Ανατολικός διάδρομος
RES_1F North Hallway,Βόρειος διάδρομος
RES_1F South Hallway,Διάδρομος βιβλιοθήκης
RES_1F ADLR Bedroom,Υπνοδωμάτιο ADLR
RES_1F ADLR Study,Γραφείο ADLR
RES_1F KLBR Study,Γραφείο KLBR
RES_1F KLBR Bedroom,Υπνοδωμάτιο KLBR
RES_1F FKLR Office,Γραφείο FKLR
RES_1F FKLR Study,Μελετητήριο FKLR
RES_1F FKLR Bedroom,Υπνοδωμάτιο FKLR
RES_1F STCR Dorm,Κοιτώνας STCR
RES_1F Mine Access,Πρόσβαση στο ορυχείο
RES_1F Mine Elevator,Ανελκυστήρας
RES_1F Briefing Room,Αίθουσα ενημέρωσης
ROT_Apartments Lobby,Αίθριο
ROT_Apartments Ladder Room,Δωμάτιο με σκάλα
ROT_Apartments Hallway,Μπλε διάδρομος
ROT_Apartments Hospital Hall,Διάδρομος νοσοκομείου
ROT_Apartments Dark Room,Σκοτεινό διαμέρισμα
ROT_Apartments Meat Room (Tarot),Δωμάτιο με κρέας
ROT_Apartments Worker Apartment,Διαμέρισμα
ROT_Apartments Clothesline Hall,Διάδρομος
ROT_Apartments Hospital Room,Θάλαμος νοσοκομείου
ROT_Apartments Dentist Room,Οδοντιατρείο
ROT_Apartments Butterfly Room,Δωμάτιο με πεταλούδες
ROT_Apartments Soldier Apartment,Διαμέρισμα
ROT_Apartments SpaceBetweenWalls,Στενό
ROT_GroundFloor Lobby,Αίθριο
ROT_GroundFloor Hallway,Διάδρομος
ROT_GroundFloor Blockwart Office,Γραφείο Blockwart
ROT_GroundFloor Blockwart Bedroom,Υπνοδωμάτιο Blockwart
ROT_GroundFloor Train Apartment,Ερειπωμένο διαμέρισμα
ROT_GroundFloor Ladder Room,Δωμάτιο με σκάλα
ROT_GroundFloor Dorm,Κοιτώνας
ROT_GroundFloor Commercial Corridor,Εμπορικός διάδρομος
ROT_GroundFloor Backyard,Πίσω αυλή
ROT_GroundFloor Book Store,Βιβλιοπωλείο
ROT_GroundFloor Backroom,Πίσω δωμάτιο
ROT_GroundFloor Pipeworks,Σωληνώσεις
ROT_GroundFloor Water Room,Χώρος υπηρεσιών
ROT_GroundFloor Garbage Chute,Αγωγός σκουπιδιών
ROT_GroundFloor Disinfection,Χώρος απολύμανσης
ROT_GroundFloor Meat Grinder,Κιμαδομηχανή
ROT_GroundFloor SpaceBetweenWalls,Στενό
ROT_UBahn Cables Hallway,Διάδρομος καλωδίων
ROT_UBahn Photo Store,Φωτογραφείο
ROT_UBahn Water Room,Χώρος υπηρεσιών
ROT_UBahn Metro Plattform,Αποβάθρα μετρό
ROT_UBahn Diner,Ταβέρνα
ROT_UBahn Computer Store,Κατάστημα υπολογιστών
ROT_UBahn Fire Escape,Έξοδος κινδύνου
ROT_UBahn Cooler,Ψυγείο
ROT_UBahn Packstation,Packstation
MEM_Somewhere Upper Gallery,Πάνω διάδρομος
MEM_Somewhere Personnel,Προσωπικό
MEM_Somewhere Cryogenics,Κρυογονική
MEM_Somewhere Stern Hall,Πίσω αίθουσα
No Inspect,Τίποτα αξιοσημείωτο.
None Short,Κανένα
ArianePhoto,Φωτογραφία
ArianePhoto Short,Φωτογραφία
ArianePhoto Description,"Φωτογραφία σε φιλμ στιγμιαίας εμφάνισης. Παρά τη ζημιά, η Ariane Yeong φαίνεται ακόμα."
ArianePhoto Inspect,Φαίνεται ότι η χρωστική χάλασε από τον χρόνο και τις καιρικές συνθήκες.
AlinaPhoto,Φωτογραφία
AlinaPhoto Short,Φωτογραφία
AlinaPhoto Description,"Φωτογραφία σε φιλμ στιγμιαίας εμφάνισης. Παρά τη ζημιά, η Alina Seo φαίνεται ακόμα."
AlinaPhoto Inspect,Φαίνεται ότι η χρωστική χάλασε από τον χρόνο και τις καιρικές συνθήκες.
FlareGun,Πιστόλι φωτοβολίδων
FlareGun Short,Φωτοβολίδες
FlareGun Description,"Μονόσφαιρο πιστόλι για φωτοβολίδες κινδύνου 26.5mm, που καίνε τους στόχους."
FlareGun Inspect,"LP-265a Leuchtpistole
Δεν είναι φτιαγμένο για μάχη, αλλά μπορεί να βάλει φωτιά στους εχθρούς, να τους ακινητοποιήσει και να τους κάνει μεγάλη ζημιά με τον χρόνο."
FlareGunAmmo,Φωτοβολίδες
FlareGunAmmo Short,Φωτοβολίδες
FlareGunAmmo Description,"Φυσίγγια φωτοβολίδων κινδύνου 26.5mm για πιστόλι φωτοβολίδων. Μετά από λίγο, καίγονται με έντονο κόκκινο φως για σύντομο χρόνο."
FlareGunAmmo Inspect,Φωτοβολίδες 26.5x80mm. Χτυπάνε τόσο δυνατά που καρφώνονται σε μαλακούς στόχους. Καίνε τόσο που λιώνουν τη θωράκιση των Replika και καίνε τους εχθρούς.
FlakGunAmmo,Βλήματα χειροβομβίδων
FlakGunAmmo Short,Χειροβομβίδες
FlakGunAmmo Description,"Βλήματα εκτοξευτή χειροβομβίδων 26.5mm.
Φτιαγμένα για πιστόλι φωτοβολίδων.
Εκρήγνυνται αμέσως με την πρόσκρουση."
FlakGunAmmo Inspect,"Εκρηκτικά βλήματα χειροβομβίδων 26.5x100mm.
Εκρήγνυνται αμέσως με την πρόσκρουση και σκοτώνουν ή ακινητοποιούν σχεδόν όποιον είναι κοντά. Δεν προτείνεται η χρήση τους από κοντινή απόσταση.
"
FlakGun,Πιστόλι φωτοβολίδων
FlakGun Short,Φωτοβολίδες
FlakGun Description,Μονόσφαιρο πιστόλι για φωτοβολίδες κινδύνου 26.5mm. Χρησιμοποιείται ως εκτοξευτής χειροβομβίδων.
FlakGun Inspect,"LP-265a Leuchtpistole
Δεν είναι φτιαγμένο για μάχη, αλλά τώρα είναι γεμάτο με εκρηκτικές χειροβομβίδες."
Glock,Πιστόλι ριπής
Glock Short,Πιστόλι ριπής
Glock Description,Πιστόλι ριπής. Ρίχνει ριπές των 3 σφαιρών 9mm από γεμιστήρα 30 σφαιρών.
Health25,Επίθεμα επισκευής
Health25 Short,Επίθεμα
Health25 Description,"Σφραγισμένο αυτοκόλλητο επίθεμα μίας χρήσης με πηκτικό υγρό για να κλείνει τις χαλασμένες περιοχές.
Αναπληρώνει λίγη υγεία σιγά σιγά."
Health25 Inspect,"Το πηκτικό K σταματάει γρήγορα και σίγουρα τις διαρροές υγρών, γιατί κάνει το οξειδωτικό υγρό της Replika μια ζελατινώδη μάζα."
Health50,Σπρέι επισκευής
Health50 Short,Σπρέι
Health50 Description,"Πιστόλι ψεκασμού μίας χρήσης που γεμίζει τις χαλασμένες περιοχές με αφρό πολυουρεθάνης.
Αναπληρώνει πολλή υγεία σιγά σιγά."
Health50 Inspect,"Αφρός κατασκευών που φουσκώνει και μπορεί να γεμίσει πληγές και να σταματήσει διαρροές. Θέλει λίγα δευτερόλεπτα να φουσκώσει, αλλά μετά γίνεται πολύ σκληρός."
HealthFast,Σπρέι επισκευής+
HealthFast Short,Σπρέι+
HealthFast Description,"Πιστόλι ψεκασμού μίας χρήσης που γεμίζει τις χαλασμένες περιοχές με αφρό πολυουρεθάνης που σκληραίνει γρήγορα.
Αναπληρώνει αμέσως μέτρια υγεία."
HealthFast Inspect,Ρητίνη πολυουρεθάνης για να φτιάχνει και να γεμίζει χαλασμένα σημεία του περιβλήματος. Σκληραίνει αμέσως.
Health100,Κιτ επισκευής
Health100 Short,Κιτ επισκευής
Health100 Description,"Μικρή θήκη με ανταλλακτικά και εργαλεία για την επισκευή χαλασμένων σωμάτων Replika.
Αναπληρώνει όλη την υγεία."
Machete,Ματσέτα
Machete Short,Ματσέτα
Machete Description,"Βαριά, ίσια λεπίδα επιβίωσης."
Medication,Μπουκάλι χαπιών
Medication Short,Χάπια
Medication Description,Ένα μικρό μπουκάλι με χάπια.
AirlockKey,Κλειδί αεροστεγούς θαλάμου
AirlockKey Short,Κλειδί θαλάμου
AirlockKey Description,Μαγνητική κάρτα που δίνει πρόσβαση στα χειριστήρια του αεροστεγούς θαλάμου του Penrose. Έχει κολληθεί με ταινία.
BrokenKey,Κλειδί αεροστεγούς θαλάμου
BrokenKey Short,Κλειδί θαλάμου
BrokenKey Description,Μαγνητική κάρτα που δίνει πρόσβαση στα χειριστήρια του αεροστεγούς θαλάμου του Penrose. Έχει σπάσει στη μέση.
Tape,Κολλητική ταινία
Tape Short,Ταινία
Tape Description,"Διάφανη ταινία πολυπροπυλενίου που κολλάει με πίεση. Χρησιμοποιείται για ένωση, σφράγισμα, στερέωση και επισκευή."
Pistol,Πιστόλι
Pistol Short,Πιστόλι
Pistol Description,"Ημιαυτόματο πιστόλι. Ρίχνει σφαίρες 10mm από γεμιστήρα 10 σφαιρών. Εύκολο στη χρήση, ρίχνει γρήγορα."
Pistol Inspect,"Τύπου-75 'Protektor'
Μικρή ζημιά, αλλά μεγάλος γεμιστήρας και γρήγορη βολή."
PistolAmmo,Σφαίρες 10mm
PistolAmmo Short,Σφαίρες πιστολιού
PistolAmmo Description,Κανονικές σφαίρες πιστολιού 10mm.
PistolAmmo Inspect,"Φυσίγγια 10x20mm με ολομεταλλικό χιτώνιο του Εθνικού Στρατού. Όχι ιδιαίτερα δυνατά, αλλά συνήθως βρίσκονται εύκολα."
Revolver,Περίστροφο
Revolver Short,Περίστροφο
Revolver Description,"Περίστροφο διπλής δράσης με κοντή κάνη και 6 σφαίρες, για ισχυρά πυρομαχικά 12mm.
Δυνατή ανάκρουση, σπρώχνει πίσω τους εχθρούς."
Revolver Inspect,"Eu-K508 S 'Einhorn'
Μεγάλη ζημιά, σπρώχνει εύκολα πίσω εχθρούς και ασπίδες."
RevolverAmmo,Σφαίρες 12mm
RevolverAmmo Short,Σφαίρες περιστρόφου
RevolverAmmo Description,Ισχυρές σφαίρες περιστρόφου 12mm με κοίλη μύτη.
RevolverAmmo Inspect,"Παλιές αυτοκρατορικές σφαίρες 12x40mm με κοίλη μύτη. Παραμορφώνονται και σπάνε με την πρόσκρουση, με τεράστια δύναμη."
Rifle,Τουφέκι
Rifle Short,Τουφέκι
Rifle Description,Δίκαννο κυνηγετικό τουφέκι μεγάλου διαμετρήματος. Ρίχνει διατρητικά πυρομαχικά 16mm 'Nitro Express'. Η ανάκρουση μοιάζει αρκετή για να σου σπάσει τον ώμο.
Rifle Inspect,"BW-5 Nitro Express
Πολύ μεγάλη ζημιά. Τρυπάει εύκολα θωράκιση, βαλλιστικές ασπίδες και εχθρούς.
"
RifleAmmo,Σφαίρες Nitro Express
RifleAmmo Short,Σφαίρες τουφεκιού
RifleAmmo Description,"Ισχυρά διατρητικά πυρομαχικά τουφεκιού 16mm 'Nitro Express', μεγάλου διαμετρήματος, με επίστρωση PTFE. Χτυπάνε δυνατά."
RifleAmmo Inspect,"Διατρητικά φυσίγγια τουφεκιού 16x80mm με σφαίρες καρβιδίου του βολφραμίου, επικαλυμμένες με πολυτετραφθοροαιθυλένιο."
Shotgun,Καραμπίνα
Shotgun Short,Καραμπίνα
Shotgun Description,"Καραμπίνα μάχης με αντλία και πτυσσόμενο κοντάκι. Ρίχνει βλήματα flechette 18.5mm σε φαρδύ κώνο, από εσωτερικό γεμιστήρα 5 φυσιγγίων."
Shotgun Inspect,"EIN-12 Flechette
Χτυπάει πολλούς στόχους μαζί. Μικρή ζημιά, αλλά από κοντά συχνά κλονίζει τους εχθρούς."
ShotgunAmmo,Φυσίγγια καραμπίνας
ShotgunAmmo Short,Φυσίγγια
ShotgunAmmo Description,Φυσίγγια καραμπίνας 18.5mm με flechette.
ShotgunAmmo Inspect,"Φυσίγγια διαμετρήματος 12 γεμάτα με ατσάλινα βελάκια σαν καρφιά, που σκορπίζουν και ξεσκίζουν τους στόχους. "
SMG,Υποπολυβόλο
SMG Short,Υποπολυβόλο
SMG Description,Αυτόματο υποπολυβόλο με πτυσσόμενο κοντάκι. Ρίχνει ριπές των 3 σφαιρών 8mm από γεμιστήρα 30 σφαιρών.
SMG Inspect,"Τύπου-84 'Drache'
Παρά το μικρότερο διαμέτρημα, οι ριπές κάνουν περισσότερη ζημιά, ειδικά όταν πρέπει να σημαδέψεις γρήγορα."
SmgAmmo,Σφαίρες 8mm
SmgAmmo Short,Σφαίρες 8mm
SmgAmmo Description,Σφαίρες πιστολιού μικρού διαμετρήματος 8mm με μικρή ανάκρουση.
SmgAmmo Inspect,Φυσίγγια 8x22mm φτιαγμένα για αυτόματη βολή.
YellowKing,Ο Βασιλιάς με τα Κίτρινα
YellowKing Short,Βασιλιάς με τα Κίτρινα
YellowKing Description,Ένα βιβλίο που μοιάζει πολύ παλιό.
EastKey,Κλειδί ανατολικής πτέρυγας
EastKey Short,Ανατολική πτέρυγα
EastKey Description,Μαγνητική κάρτα για την ανατολική πτέρυγα των καταλυμάτων εργατών.
EastKey Inspect,"Ανατολική πτέρυγα
S-23 Εφοδιασμός
Πρόσβαση στην κουζίνα
Μόνο για το προσωπικό κουζίνας"
ServiceKey,Κλειδί καταπακτής
ServiceKey Short,Κλειδί καταπακτής
ServiceKey Description,Μικρό κλειδί για σωληνωτή κλειδαριά.
ShowerKey,Κλειδί δυτικής πτέρυγας
ShowerKey Short,Δυτική πτέρυγα
ShowerKey Description,Μαγνητική κάρτα για τη δυτική πτέρυγα των καταλυμάτων εργατών.
ShowerKey Inspect,"Κάρτα πρόσβασης δυτικής πτέρυγας
Εργάτρια: Seo, Alina"
BoneKey,Κλειδί πεταλούδας
BoneKey Short,Κλειδί πεταλούδας
BoneKey Description,"Ένα παράξενο, ορθογώνιο κλειδί με σχέδιο από φτερό πεταλούδας."
BoneKeyA,Σπασμένο κλειδί
BoneKeyA Short,Σπασμένο κλειδί
BoneKeyA Description,Ένα παράξενο ορθογώνιο κλειδί με σχέδιο από φτερό πεταλούδας. Φαίνεται ότι του λείπει ένα κομμάτι.
BoneKeyB,Σπασμένο κλειδί
BoneKeyB Short,Σπασμένο κλειδί
BoneKeyB Description,Ένα παράξενο ορθογώνιο κλειδί με σχέδιο από φτερό πεταλούδας. Φαίνεται ότι του λείπει ένα κομμάτι.
SignPieceUnknown,Μυστηριώδες τεχνούργημα
SignPieceUnknown Short,Τεχνούργημα
ElevatorKey,Ταυτότητα
ElevatorKey Short,Ταυτότητα
ElevatorKey Description,Ταυτότητα μέλους του ιατρικού προσωπικού Protektor. Δίνει πρόσβαση στον ανελκυστήρα Protektor.
ElevatorKey Inspect,"STAR-S2320
Φρουρός
Πτέρυγα νοσοκομείου
Επίπεδο 3, Κύκλος 3-9"
SurfaceKey,Κλειδί υποδοχής
SurfaceKey Short,Κλειδί υποδοχής
SurfaceKey Description,Μαγνητική κάρτα που ήταν κολλημένη στο τζάμι της υποδοχής.
LibrarianKey,Κλειδί βιβλιοθήκης
LibrarianKey Short,Κλειδί βιβλιοθήκης
LibrarianKey Description,Μαγνητική κάρτα για τη βιβλιοθήκη των εργατών.
MicroFiche,Κάρτα μικροφίλμ
MicroFiche Short,Κάρτα μικροφίλμ
MicroFiche Description,Κάρτα με ένα κομμάτι μικροφίλμ μέσα.
MicroFiche Inspect,Το κείμενο στο φιλμ είναι πολύ μικρό για να διαβαστεί με γυμνό μάτι.
ClassRoomKey,Κλειδί αίθουσας
ClassRoomKey Short,Κλειδί αίθουσας
ClassRoomKey Description,Μαγνητική κάρτα για την αίθουσα 4C.
ObservationKey,Κλειδί Protektor
ObservationKey Short,Κλειδί Protektor
ObservationKey Description,Μαγνητική κάρτα για την αίθουσα παρατήρησης.
KeyOfWater,Κλειδί του Νερού
KeyOfFire,Κλειδί της Φωτιάς
KeyOfAir,Κλειδί του Αέρα
KeyOfGold,Κλειδί του Χρυσού
KeyOfBlank,Κενό κλειδί
KeyOfWater Short,Κλειδί Νερού
KeyOfFire Short,Κλειδί Φωτιάς
KeyOfAir Short,Κλειδί Αέρα
KeyOfGold Short,Κλειδί Χρυσού
KeyOfBlank Short,Κενό κλειδί
KeyOfWater Description,Ειδική κάρτα πρόσβασης με σχέδιο νερού.
KeyOfFire Description,Ειδική κάρτα πρόσβασης με σχέδιο φωτιάς.
KeyOfAir Description,Ειδική κάρτα πρόσβασης με σχέδιο αέρα.
KeyOfGold Description,Ειδική κάρτα πρόσβασης με σχέδιο χρυσού.
KeyOfBlank Description,Κενό πρότυπο για ειδική κάρτα πρόσβασης.
KeyOfBlank Inspect,Το κενό πρότυπο έχει μία σειρά επαφών λιγότερη από τα αυθεντικά κλειδιά.
Socket10mm,Καρυδάκι 10mm
Socket10mm Description,"Καρυδάκι 10mm για εξάγωνα μπουλόνια, για χρήση με γενικό κλειδί."
SocketHandle,Λαβή καστάνιας
SocketHandle Description,Γενική λαβή κλειδιού με πείρο για καρυδάκια.
SocketWrench,Καστάνια 10mm
SocketWrench Description,Γενική λαβή κλειδιού με εξάγωνο καρυδάκι 10mm.
Socket10mm Short,Καρυδάκι 10mm
SocketHandle Short,Λαβή
SocketWrench Short,Καστάνια
VCR,Βιντεοκασέτα
VCR Short,Βιντεοκασέτα
VCR Description,Έγχρωμη βιντεοκασέτα για βίντεο κασετών.
IncineratorKey,Κλειδί αποτεφρωτήρα
IncineratorKey Short,Κλειδί αποτεφρωτήρα
IncineratorKey Description,Μαγνητική κάρτα για την αίθουσα του αποτεφρωτήρα.
ExamKey,Κλειδί αίθουσας εξετάσεων
ExamKey Short,Κλειδί εξετάσεων
ExamKey Description,Μαγνητική κάρτα για την αίθουσα εξετάσεων.
PumpKey,Κλειδί αντλιοστασίου
PumpKey Short,Κλειδί αντλιών
PumpKey Description,Μαγνητική κάρτα για την αίθουσα ελέγχου αντλιών.
Flashlight,Ενότητα φακού
Flashlight Short,Φακός
Flashlight Description,"Ενότητα φακού που στερεώνεται στον ώμο.
Όταν εγκατασταθεί, παίρνει ρεύμα από την εσωτερική τροφοδοσία της Replika."
Flashlight Inspect,"Όταν είναι αναμμένος, σε κάνει πιο ορατή στους εχθρούς, αλλά βλέπεις και μπορείς να χρησιμοποιήσεις αντικείμενα και πόρτες σε σκοτεινά δωμάτια."
AdlersKey,Κλειδί αετού
AdlersKey Short,Κλειδί αετού
AdlersKey Description,Μαγνητική κάρτα με σχέδιο αετού.
ShutterHandle,Λαβή για ρολό
ShutterHandle Short,Λαβή ρολού
ShutterHandle Description,Μανιβέλα για ατσάλινα ρολά πορτών.
FloodOverflowKey,Κλειδί συντήρησης
FloodOverflowKey Short,Κλειδί συντήρησης
FloodOverflowKey Description,"Ταυτότητα μέλους του προσωπικού υπηρεσιών.
Ανοίγει την πόρτα συντήρησης στο επίπεδο υπηρεσιών."
FloodOverflowKey Inspect,"ARAR-2309
Συντήρηση
Επίπεδο υπηρεσιών
Επίπεδο 5, Κύκλος 9-3"
LibraryKey,Κλειδί βιβλιοθήκης
LibraryKey Short,Κλειδί βιβλιοθήκης
LibraryKey Description,Μαγνητική κάρτα για τη βιβλιοθήκη Protektor στον 8ο όροφο.
RecRoomKey,Κλειδί δωματίου πιάνου
RecRoomKey Short,Κλειδί πιάνου
RecRoomKey Description,Μαγνητική κάρτα για το δωμάτιο με το πιάνο στον 7ο όροφο.
WorkshopKey,Κλειδί εργαστηρίου
WorkshopKey Short,Κλειδί εργαστηρίου
WorkshopKey Description,Μαγνητική κάρτα για το εργαστήριο στον 6ο όροφο.
MusicCassette,Κασέτα μουσικής
MusicCassette Short,Κασέτα
MusicCassette Description,"Μαγνητική κασέτα ήχου πολλών καναλιών, που παίζει σε επανάληψη."
MusicCassetteBroken,Χαλασμένη κασέτα μουσικής
MusicCassetteBroken Short,Κασέτα
MusicCassetteBroken Description,"Μαγνητική κασέτα ήχου πολλών καναλιών, που παίζει σε επανάληψη. Η ταινία μέσα στην κασέτα είναι κομμένη."
MusicCassetteBroken Inspect,Πρέπει να φτιάξω τη μαγνητική ταινία μέσα στην κασέτα για να ξαναπαίξει.
PaintingKey,Κλειδί νησιού
PaintingKey Short,Κλειδί νησιού
PaintingKey Description,"Ένα μικρό, παλιό μεταλλικό κλειδί. Στην κεφαλή του είναι χαραγμένο ένα νησί που μου φαίνεται γνωστό."
MasterKey,Κλειδί του Διαχειριστή
MasterKey Short,Κλειδί Διαχειριστή
MasterKey Description,Η ταυτότητα του Adler. Δίνει πρόσβαση στον ανελκυστήρα του ορυχείου.
MasterKey Inspect,"ADLR-2301
Διοίκηση
Επιχειρησιακή Διοίκηση Διαχείρισης & Εφοδιασμού"
ElevatorFuse,Ασφάλεια
ElevatorFuse Short,Ασφάλεια
ElevatorFuse Description,Ηλεκτρική ασφάλεια υψηλής τάσης.
ShotgunCase,Θήκη όπλου
ShotgunCase Short,Θήκη όπλου
ShotgunCase Description,"Ασφαλές κουτί για όπλα μεγέθους πιστολιού, κλειδωμένο με ένα μικρό λουκέτο."
ShotgunCase Inspect,"EU-K500 S
'Einhorn'
Hunter
Είναι κλειδωμένο με ένα μικρό λουκέτο."
ShotgunCaseKey,Κλειδί της Hunter
ShotgunCaseKey Short,Κλειδί Hunter
ShotgunCaseKey Description,Μικρό κλειδί λουκέτου.
KitchenKey,Κλειδί τραπεζαρίας
KitchenKey Short,Κλειδί τραπεζαρίας
KitchenKey Description,Μαγνητική κάρτα για την τραπεζαρία στον 6ο όροφο.
PostboxKey,Κλειδί γραμματοκιβωτίου
PostboxKey Short,Κλειδί γραμματοκιβ.
PostboxKey Description,Μικρό κλειδί για σωληνωτή κλειδαριά.
OwlKey,Κλειδί κουκουβάγιας
OwlKey Short,Κλειδί κουκουβάγιας
OwlKey Description,Μαγνητική κάρτα με σχέδιο κουκουβάγιας για τον κοιτώνα προσωπικού στον 6ο όροφο.
KolibriKey,Κλειδί κολιμπρί
KolibriKey Short,Κλειδί κολιμπρί
KolibriKey Description,Μαγνητική κάρτα με σχέδιο κολιμπρί για την ανατολική σουίτα στον 8ο όροφο.
SignalFlare,Φωτοβολίδα θερμίτη
SignalFlare Short,Θερμίτης
SignalFlare Description,Χημικό πυροτεχνικό ραβδί χειρός που ανάβει μόνο του. Καίει πολύ δυνατά για λίγο. Μπορεί να κάψει τους εχθρούς.
SignalFlare Inspect,Ένας μικρός πλαστικός σωλήνας γεμάτος με πολύ εύφλεκτη χημική σκόνη. Καίει τόσο που λιώνει τη θωράκιση των Replika.
Injector,Αυτόματη σύριγγα
Injector Short,Σύριγγα
Injector Description,"Σύριγγα μίας χρήσης.
Αναπληρώνει αμέσως πολλή υγεία. Χρησιμοποιείται και εν κινήσει.
Όταν είναι εξοπλισμένη, ενεργοποιείται αυτόματα σε βλάβη συστήματος."
Injector Inspect,Αυτόματη σύριγγα γεμάτη με το διεγερτικό REPLIKA-KLStim-N. Γρήγορη και εύκολη στη χρήση.
Taser,Ραβδί ηλεκτροσόκ μίας χρήσης
Taser Short,Ηλεκτροσόκ
Taser Description,"Όπλο ηλεκτροσόκ υψηλής τάσης, μίας χρήσης και μικρής εμβέλειας. Χρησιμοποιείται με το ένα χέρι."
Taser Inspect,Μη θανατηφόρο όπλο που ακινητοποιεί αμέσως όλους τους στόχους κοντά του με ηλεκτρικά τόξα.
MensaKey,Κλειδί εστιατορίου
MensaKey Short,Κλειδί εστιατορίου
MensaKey Description,Μαγνητική κάρτα για το εστιατόριο των εργατών.
MensaKey Inspect,"Προσωρινή (14)
S-23 Εφοδιασμός
Πρόσβαση στο εστιατόριο
Μόνο για το προσωπικό κουζίνας"
Doll_M,Ξύλινη κούκλα
Doll_M Short,Κούκλα
Doll_M Description,Κούφια ξύλινη κούκλα που ανοίγει. Είναι άδεια μέσα.
Doll_SM,Ενωμένη ξύλινη κούκλα
Doll_SM Short,Κούκλα
Doll_SM Description,Κούφια ξύλινη κούκλα που ανοίγει. Η μικρή κούκλα είναι μέσα.
Doll_B,Μεγάλη ξύλινη κούκλα
Doll_B Short,Κούκλα
Doll_B Description,"Μεγάλη, κούφια ξύλινη κούκλα που ανοίγει. Έχει εξάγωνη βάση. Είναι άδεια μέσα."
Doll_S,Μικρή ξύλινη κούκλα
Doll_S Short,Κούκλα
Doll_S Description,"Μικρή, συμπαγής ξύλινη κούκλα."
Doll_BS,Ενωμένη ξύλινη κούκλα
Doll_BS Short,Κούκλα
Doll_BS Description,"Μεγάλη, κούφια ξύλινη κούκλα που ανοίγει. Έχει εξάγωνη βάση. Η μικρή κούκλα είναι μέσα."
Doll_BM,Ενωμένη ξύλινη κούκλα
Doll_BM Short,Κούκλα
Doll_BM Description,"Μεγάλη, κούφια ξύλινη κούκλα που ανοίγει. Έχει εξάγωνη βάση. Η κούφια κούκλα είναι μέσα."
Doll_BMS,Ενωμένη ξύλινη κούκλα
Doll_BMS Short,Κούκλα
Doll_BMS Description,Τρεις ξύλινες κούκλες η μία μέσα στην άλλη. Η εξωτερική κούκλα έχει εξάγωνη βάση.
PlateBalance,Πλάκα της Ισορροπίας
PlateBalance Short,Ισορροπία
PlateBalance Description,"Μια βαριά, εξάγωνη πέτρινη πλάκα. Είναι ζεστή στην αφή."
PlateLove,Πλάκα της Αγάπης
PlateLove Short,Αγάπη
PlateLove Description,"Μια βαριά, εξάγωνη πέτρινη πλάκα. Είναι ζεστή στην αφή."
PlateSacrifice,Πλάκα της Θυσίας
PlateSacrifice Short,Θυσία
PlateSacrifice Description,"Μια βαριά, εξάγωνη πέτρινη πλάκα. Είναι ζεστή στην αφή."
PlateKnowledge,Πλάκα της Γνώσης
PlateKnowledge Short,Γνώση
PlateKnowledge Description,"Μια βαριά, εξάγωνη πέτρινη πλάκα. Είναι ζεστή στην αφή."
PlateEternity,Πλάκα της Αιωνιότητας
PlateEternity Short,Αιωνιότητα
PlateEternity Description,"Μια βαριά, εξάγωνη πέτρινη πλάκα. Είναι ζεστή στην αφή."
PlateFlesh,Πλάκα της Σάρκας
PlateFlesh Short,Σάρκα
PlateFlesh Description,"Μια βαριά, εξάγωνη πέτρινη πλάκα. Είναι ζεστή στην αφή."
RingSerpent,Δαχτυλίδι του φιδιού
RingSerpent Short,Δαχτ. φιδιού
RingSerpent Description,"Λείο δαχτυλίδι από πράσινο νεφρίτη, σε σχήμα φιδιού που δαγκώνει την ουρά του."
RingBride,Βέρα
RingBride Short,Βέρα
RingBride Description,"Μια παλιά χρυσή βέρα.
Μέσα στη βέρα είναι χαραγμένη η φράση «Μέχρι να μας χωρίσει ο θάνατος»."
RingRegent,Δαχτυλίδι του Αντιβασιλέα
RingRegent Short,Δαχτ. Αντιβασιλέα
RingRegent Description,"Δαχτυλίδι κομμένο από μαύρο μάρμαρο.
Μέσα στο δαχτυλίδι είναι χαραγμένη η φράση «Και αυτό θα περάσει»."
RustedKey,Σκουριασμένο κλειδί
RustedKey Short,Σκουριασμένο κλειδί
RustedKey Description,"Ένα τραχύ, βαρύ κλειδί που μοιάζει πολύ παλιό, γεμάτο σκουριά."
RustedKeyPrompt,"Η πόρτα είναι κλειδωμένη με ένα μεγάλο, βαρύ λουκέτο γεμάτο σκουριά. Χρειάζομαι ένα <style=red>κλειδί</style> για να την ανοίξω."
Incense,Θυμίαμα
Incense Short,Θυμίαμα
Incense Description,"Ένα λεπτό, μακρύ ραβδί μπαμπού με αρωματική πάστα, για θρησκευτικές τελετές. Η κάφτρα στην άκρη βγάζει μυρωδάτο καπνό."
TarotDeath,Ο Θάνατος
TarotDeath Short,Θάνατος
TarotDeath Description,"Κάρτα ταρώ με τη 13η Μεγάλη Αρκάνα, «Ο Θάνατος»."
TarotTower,Ο Πύργος
TarotTower Short,Πύργος
TarotTower Description,"Κάρτα ταρώ με τη 16η Μεγάλη Αρκάνα, «Ο Πύργος»."
TarotMoon,Η Σελήνη
TarotMoon Short,Σελήνη
TarotMoon Description,"Κάρτα ταρώ με τη 18η Μεγάλη Αρκάνα, «Η Σελήνη»."
TarotStar,Το Αστέρι
TarotStar Short,Αστέρι
TarotStar Description,"Κάρτα ταρώ με τη 17η Μεγάλη Αρκάνα, «Το Αστέρι»."
TarotSun,Ο Ήλιος
TarotSun Short,Ήλιος
TarotSun Description,"Κάρτα ταρώ με τη 19η Μεγάλη Αρκάνα, «Ο Ήλιος»."
TarotLovers,Οι Εραστές
TarotLovers Short,Εραστές
TarotLovers Description,"Κάρτα ταρώ με την 6η Μεγάλη Αρκάνα, «Οι Εραστές»."
ValveHandwheel,Χειροτροχός
ValveHandwheel Short,Χειροτροχός
ValveHandwheel Description,Ατσάλινος χειροτροχός για βάνα σωλήνα.
DeveloperBox,Δοχείο εμφάνισης
DeveloperBox Short,Δοχείο φωτογρ.
DeveloperBox Description,Πλαστικό δοχείο για εμφάνιση φωτογραφιών. Η ετικέτα δείχνει ότι μέσα υπάρχει μια φωτογραφία που δεν έχει εμφανιστεί.
DeveloperBox Inspect,"Αν το ανοίξω τώρα, θα καταστραφεί η φωτογραφία. Πρέπει πρώτα να βάλω υγρό εμφάνισης."
DeveloperFluid,Υγρό εμφάνισης
DeveloperFluid Short,Υγρό εμφάνισης
DeveloperFluid Description,Ένα μπουκάλι με υγρό γρήγορης εμφάνισης φωτογραφιών.
DeveloperFluid Inspect,«Εμφανίζει και σταθεροποιεί φωτογραφίες σε δευτερόλεπτα. Απλώς βουτήξτε τη φωτογραφία στο υγρό.»
PhotoQR,Φωτογραφία
PhotoQR Short,Φωτογραφία
PhotoQR Description,Η φωτογραφία που ήταν μέσα στο δοχείο εμφάνισης.
PhotoQR Inspect,Η φωτογραφία δείχνει κάποιον ψηφιακό κωδικό από κουκκίδες. Αναρωτιέμαι ποιο μηχάνημα μπορεί να διαβάσει αυτόν τον κωδικό;
Turpentine,Ασετόν
Turpentine Short,Ασετόν
Turpentine Description,"Ένα μπουκάλι με υγρή διμεθυλοκετόνη. Διαλύει και καθαρίζει πλαστικά, εποξικά και μπογιές."
Turpentine Inspect,"(CH3)2CO (Προπανόνη).
Κοινό καθαριστικό που μαλακώνει και διαλύει διάφορες μπογιές και πλαστικά."
Tooth,Δόντι
Tooth Short,Δόντι
Tooth Description,Ένας τραπεζίτης που έχει βγει. 
DiskBlue,Μπλε δισκέτα
DiskBlue Short,Μπλε δισκέτα
DiskBlue Description,Μπλε μαγνητο-οπτική δισκέτα δεδομένων για υπολογιστές γραφείου.
DiskRed,Κόκκινη δισκέτα
DiskRed Short,Κόκκινη δισκέτα
DiskRed Description,Κόκκινη μαγνητο-οπτική δισκέτα δεδομένων για υπολογιστές γραφείου. Η ετικέτα γράφει «ασθενείς (αρχείο)».
StoreKey,Κλειδί καταστήματος
StoreKey Short,Κλειδί καταστήματος
StoreKey Description,Μεταλλικό κλειδί με ετικέτα «Φωτογραφείο Yeong».
MeatKey,Κλειδί ασθενούς
MeatKey Short,Κλειδί ασθενούς
MeatKey Description,Μεταλλικό κλειδί με ετικέτα «Δωμάτιο 0512».
MoonRing,Δακτύλιος καντράν
MoonRing Short,Δακτύλιος
MoonRing Description,Ένας μεγάλος μεταλλικός δακτύλιος με εγκοπές μπροστά και πίσω.
FalkeSpear,Δόρυ
FalkeSpear Short,Δόρυ
Salts,Μικρό μπουκάλι
Salts Short,Μπουκάλι
Salts Description,Ένα μικρό μπουκάλι με διάφανο υγρό. Μυρίζει έντονα αμμωνία.
Salts Inspect,"Μάλλον κάποιο είδος αμμωνιακών αλάτων, που εισπνέονται για να συνέλθει κάποιος και να ξυπνήσει το μυαλό του."
PhotoModule,Ενότητα φωτογραφικής μνήμης
PhotoModule Short,Ενότητα φωτογρ.
PhotoModule Description,"Μια παλιά ενότητα φωτογραφικής μνήμης. Μπορεί να καταγράψει έως 6 οπτικές αναμνήσεις. Πολύ ξεπερασμένη, αλλά ίσως φανεί χρήσιμη."
PhotoModule Inspect,"Όταν είναι εξοπλισμένη, καταγράφει έως 6 οπτικές αναμνήσεις ως ασπρόμαυρες εικόνες. Οι παλιές εικόνες σβήνονται αυτόματα όταν τραβάτε νέα."
ShrineDial,Αστρολάβος
ShrineDial Short,Αστρολάβος
ShrineDial Description,"Ένας παράξενος μηχανισμός σαν ρολόι, με αστρονομικά σύμβολα μπροστά."
ShrineDial Inspect,Το πίσω μέρος της συσκευής μοιάζει να ταιριάζει σε έναν μεγαλύτερο μηχανισμό.
KeyOfEternity,Κλειδί της Αιωνιότητας
KeyOfEternity Short,Κλειδί Αιωνιότητας
KeyOfEternity Description OLD,"Ένα τραχύ, βαρύ κλειδί που μοιάζει πολύ παλιό, γεμάτο σκουριά."
KeyOfLove,Κλειδί της Αγάπης
KeyOfLove Short,Κλειδί Αγάπης
KeyOfLove Description OLD,"Ένα τραχύ, βαρύ κλειδί που μοιάζει πολύ παλιό, γεμάτο σκουριά."
KeyOfSacrifice,Κλειδί της Θυσίας
KeyOfSacrifice Short,Κλειδί Θυσίας
KeyOfSacrifice Description OLD,"Ένα τραχύ, βαρύ κλειδί που μοιάζει πολύ παλιό, γεμάτο σκουριά."
RES_Orrery_Base,"Ένα πλανητάριο που δείχνει, καθώς γυρίζει, τις τωρινές θέσεις των κατοικημένων κόσμων του ηλιακού συστήματος."
RES_Orrery_Vineta,"Vineta, ο κόσμος του ωκεανού που ρήμαξε ο πόλεμος.
Όταν κλείνω τα μάτια, ακούω τον ήχο της θάλασσας. "
RES_Orrery_Buyan,"Buyan, το σπίτι του Αυτοκρατορικού Παλατιού, που αιωρείται πάνω από δηλητηριώδη σύννεφα."
RES_Orrery_Kitezh,"Kitezh, η κόκκινη έρημος.
Ο Αυτοκρατορικός στόλος δεν μπορεί να την κρατάει για πολύ ακόμα, πριν απελευθερωθεί."
RES_Orrery_Rotfront,"Rotfront, το παγωμένο φεγγάρι που γυρίζει γύρω από τον μεγαλύτερο αέριο γίγαντα.
Ακόμα σε διαδικασία Klimaforming."
RES_Orrery_Heimat,"Heimat, η έδρα της κυβέρνησης του νέου Έθνους.
Άκουσα ότι από εκεί η θέα των δακτυλίων του αέριου γίγαντα στον ουρανό είναι πανέμορφη."
RES_Orrery_Leng,Leng. Εδώ είναι η S-23 Sierpinski.
PEN_Bed,Η κουκέτα του Gestalt αξιωματικού.
LOV_Mirror,"Βλέπω μια άδεια αίθουσα από την άλλη πλευρά του τζαμιού.
Το τζάμι μοιάζει φιμέ, ή είναι καθρέφτης μιας κατεύθυνσης."
DET_Bunks,"Κουκέτες εργατών.
Σε τέτοιες εγκαταστάσεις, αυτές οι μικρές κουκέτες με κάγκελα είναι ό,τι πιο δικό του έχει ένας Gestalt εργάτης."
DET_Uniform,Η στολή ενός εργάτη. Φαίνεται παλιά και φθαρμένη.
MEM_Beacon,ΦΑΡΟΣ ΚΙΝΔΥΝΟΥ PENROSE-512
MEM_Wake,ΞΥΠΝΑ
RES_Library_PC_Header,"ΣΦΑΛΜΑ ΕΥΘΥΓΡΑΜΜΙΣΗΣ
ΧΡΗΣΙΜΟΠΟΙΗΣΤΕ ΧΕΙΡΟΚΙΝΗΤΟ ΕΛΕΓΧΟ"
RES_Library_PC_Footer,ΠΡΟΣΑΝΑΤΟΛΙΣΜΟΣ ΣΥΣΤΗΜΑΤΟΣ
RES_Library_PC_Warning,"ΕΝΤΟΠΙΣΤΗΚΕ
ΕΜΠΟΔΙΟ"
RES_EuleDorm_Mirror1,Ένας ψηλός καθρέφτης στη γωνία του δωματίου.
RES_EuleDorm_Mirror2,"Το είδωλό μου. Κάπως, μου φαίνεται πολύ ξένο."
RES_EuleDorm_Mirror3,"Όταν κοιτάζω τον εαυτό μου για πολλή ώρα, νιώθω σαν να κοιτάζω μια άγνωστη."
MED_Xray_Window,Πίσω από το τζάμι βλέπω διάφορα αντικείμενα απλωμένα κάτω από το μηχάνημα ακτίνων X.
DET_Radio_PersoLocked,Η πόρτα είναι κλειδωμένη από την άλλη πλευρά.
EXC_Lasers,"Ισχυρά λέιζερ εξόρυξης.
Είναι πολύ μεγάλα και βαριά για να τα χρησιμοποιήσω."
ROT_Death_Isa,«Isolde».
ROT_Death_Erika,«Erika».
ROT_Death_Isa_Photo,Μια φωτογραφία της Isa με σχολική στολή.
ROT_Death_Erika_Photo,Η φωτογραφία έχει πάθει μεγάλη ζημιά.
RES_Library_PC_Header_Observation,«Σφάλμα ευθυγράμμισης§Χρησιμοποιήστε χειροκίνητο έλεγχο».
RES_Library_PC_Footer_Observation,«Προσανατολισμός συστήματος».
RES_Library_PC_Warn_Observation,«Εντοπίστηκε εμπόδιο».
PEN_PC_Readout_Observation_1,"«Οθόνη κατάστασης σκάφους ανίχνευσης§Κατάσταση: Εντοπίστηκε κρίσιμη βλάβη συστήματος§Τοποθεσία: Άγνωστη πλανητική επιφάνεια».
«Κατάσταση πληρώματος:§A. Yeong, Gestalt πιλότος - Κανένα σήμα§LSTR-512, Μονάδα Replika - Ενεργή (Τραπεζαρία)».
«Η σκληρή προσγείωση έκανε ζημιά σε κρίσιμα συστήματα!»"
PEN_PC_Readout_Observation_2,"«Προειδοποίηση: η θερμοκρασία της επιφάνειας είναι πολύ χαμηλή, φοράτε προστατευτική στολή κατά την A.V.A.»"
MEM_PC_Readout_Observation_1,"«Οθόνη κατάστασης σκάφους ανίχνευσης§Κατάσταση: Σε πορεία§Τοποθεσία: Στην πορεία».
«Κατάσταση πληρώματος:§A. Yeong, Gestalt πιλότος - Ενεργή (Προσωπικό)§LSTR-512, Μονάδα Replika - Ενεργή (Τραπεζαρία)»."
MEM_PC_Readout_Observation_2,«Σημείωση: Να τηρείτε πάντα τους κανονισμούς».
LOV_Welcome,"<title>Καλώς ήρθατε στην S-23 Sierpinski</title>
Επιλεχθήκατε ή επιλέξατε να μετεγκατασταθείτε από την AEON στην S-23 Sierpinski.
Η S-23 Sierpinski, στον Leng, στα σύνορα του ηλιακού συστήματος, είναι το ιδανικό μέρος για μια νέα αρχή.
<page>Στη φημισμένη επαγγελματική σχολή μας <mspace=1.7em>█████████</mspace>, θα μάθετε νέες δεξιότητες για να χτίσετε το μέλλον σας ως παραγωγικός πολίτης του υπέροχου Έθνους μας.
Εδώ θα μάθετε τα πάντα για την εξόρυξη ορυκτών, τον καθαρισμό μεταλλευμάτων και την παραγωγή πυρομαχικών, βοηθώντας στον πόλεμο κατά των υπολειμμάτων της Αυτοκρατορίας.
<page>Και φυσικά, η μάθηση δεν είναι μόνο θεωρία - η AEON σας αφήνει να κερδίζετε το μερίδιό σας ενώ εξασκείτε τη νέα σας τέχνη στον χώρο εργασίας!
<page>Ανησυχείτε για την οικογένεια, τους φίλους, τους πρώην συναδέλφους σας; Ρωτήστε έναν Protektor για το πρόγραμμα μοιρασιάς μερίδων. Ένα μέρος από τα Rationmark σας θα στέλνεται σε όποιον δικαιούχο επιλέξετε."
BIO_Welcome,"<title>Καλώς ήρθατε στην S-23 Sierpinski</title>
Επιλεχθήκατε ή επιλέξατε να μετεγκατασταθείτε από την AEON στην S-23 Sierpinski.
<font=illegible>Located on Leng, at the frontier of the solar system, S-23 Sierpinski is the perfect place for a new beginning.</font>
<page>Στη φημισμένη επαγγελματική σχολή μας <mspace=1.7em>█████████</mspace>, θα μάθετε νέες δεξιότητες για να χτίσετε το μέλλον σας ως παραγωγικός πολίτης του υπέροχου Έθνους μας.
<font=illegible>Here you will learn all about mineral extraction, ore refinement and munitions production, helping the war effort against the remnants of the Empire. </font>
<page><font=illegible>And of course, learning is not just about theory - AEON lets you earn your share while practicing your new craft right at the workplace!</font>
<page>Ανησυχείτε για την οικογένεια, τους φίλους, τους πρώην συναδέλφους σας; <font=illegible>Ask a Protektor about our Ration-sharing plan. A portion of your Rationmarks will be sent to a beneficiary of your choice.</font> "
DET_OfficeMemo,"<title>Υπόμνημα: Κωδικοί χρηματοκιβωτίων τοίχου</title>
Έμαθα ότι τουλάχιστον ένας εργάτης μπορεί να ξέρει τις συχνότητες εκπομπής κωδικών για τα χρηματοκιβώτια τοίχου των Protektor.
Όσοι εργάτες σχετίζονται με αυτή τη διαρροή θα ανακρίνονται μέχρι να βρεθεί ο ένοχος.
Κόβω όλα τα δικαιώματα ραδιοφώνου των εργατών μέχρι νεωτέρας.
- Adler"
BIO_OfficeMemo,"<title>Υπόμνημα: Κωδικοί χρηματοκιβωτίων τοίχου</title>
Έμαθα <font=illegible>that at least one worker might be aware of the code broadcasting frequencies</font> για τα χρηματοκιβώτια τοίχου των Protektor.
Όσοι <font=illegible>workers connected to this leak</font>  θα ανακρίνονται μέχρι να βρεθεί ο ένοχος.
Εγώ <font=illegible>restricting all radio privileges for workers until further notice.</font>
- Adler"
LOV_SafeRequest,"<title>Έντυπο αίτησης επισκευής F-29</title>
Ημερομηνία υποβολής αίτησης: 84-21-4
Πλήρες ID Protektor της μονάδας που κάνει την αίτηση: EULR-S2309 (Replika)
Θέση: Προσωπικό        Τμήμα: <mspace=1.7em>█████████</mspace>
Πλήρες ID Protektor της μονάδας που χειρίζεται την αίτηση: ARAR-S2303 (Replika)<page>^
Αντικείμενο: Χρηματοκιβώτιο τοίχου υψηλής ασφάλειας Mond & Töchter (αριθμητικό πληκτρολόγιο)
Θέση αντικειμένου: Αίθουσα 4B
Περιγραφή: Το χρηματοκιβώτιο στην αίθουσα 4B γυρίζει συνέχεια στον εργοστασιακό συνδυασμό.
Τι νόημα έχει όλο το σύστημα εκπομπής κωδικών από ραδιόφωνο, αν το χρηματοκιβώτιό μας ανοίγει μόνο με τον κωδικό του εγχειριδίου;"
BIO_SafeRequest,"<title>Έντυπο αίτησης επισκευής F-29</title>
Ημερομηνία υποβολής αίτησης: <font=illegible>84-21-4</font>
Πλήρες ID Protektor της μονάδας που κάνει την αίτηση: <font=illegible>EULR-S2309 (Replika)</font>
Θέση: Προσωπικό        Τμήμα: <mspace=1.7em>█████████</mspace>
Πλήρες ID Protektor της μονάδας που χειρίζεται την αίτηση: <font=illegible>ARAR-S2303 (Replika)</font><page>^
Αντικείμενο: Χρηματοκιβώτιο τοίχου υψηλής ασφάλειας Mond & Töchter (αριθμητικό πληκτρολόγιο)
Θέση αντικειμένου: Αίθουσα 4B
Περιγραφή: <font=illegible>The wall safe in classroom 4B keeps resetting to the default combination.
What's the point of the whole radio code broadcasting system if our safe can only be opened with the code in the manual?</font>"
LOV_SafeHint,"<title>Χρηματοκιβώτιο τοίχου υψηλής ασφάλειας Mond&Töchter (αριθμητικό)</title>
Αυτό το χρηματοκιβώτιο τοίχου πληροί τους Κανονισμούς Εξοπλισμού Δημόσιας Ασφάλειας 41&43 του Eusan και έχει πόρτα από πυκνό Kraftstahl με αριθμητικό πληκτρολόγιο.
Παράγεται με υπερηφάνεια στο Heimat από τη VEB Mond & Töchter Tresortechnik.<page>^
- Οδηγίες χρήσης -
1. Βάλτε τον κωδικό στο πληκτρολόγιο.
2. Πατήστε το πλήκτρο επιβεβαίωσης κάτω δεξιά. Αν είναι σωστός, θα ανάψει ένα πράσινο φως.
3. Γυρίστε τον διακόπτη αριστερά για να ανοίξει η πόρτα.
Για να σβήσετε ψηφία που βάλατε πριν, πατήστε το πλήκτρο «E» κάτω αριστερά.<page>^
- Πρώτη ρύθμιση -
1. Βάλτε τον εργοστασιακό κωδικό (204512) για να ανοίξει το χρηματοκιβώτιο.
2. Με την πόρτα ανοιχτή, βάλτε τον νέο κωδικό που θέλετε στο πληκτρολόγιο.
3. Κρατήστε πατημένο το πλήκτρο επιβεβαίωσης για 10 δευτερόλεπτα, μέχρι να ανάψει το πράσινο φως. 
"
DET_Adler,"<title>Για τον Διαχειριστή</title>
Από: Controller βάρδιας εργασίας
Προς: Controller νυχτερινής βάρδιας

Λόγω των πρόσφατων γεγονότων, κάποιοι Τεχνικοί Ασφαλείας θα κάνουν και τη βάρδια εργασίας και τη νυχτερινή βάρδια.
Μονάδες φρουράς που επηρεάζονται: STAR-S2304, STAR-S2305, STAR-S2306, STAR-S2309.
Μονάδες Controller που επηρεάζονται: STCR-S2303, STCR-S2306.
<page>Μέχρι να βρεθεί αποτελεσματική θεραπεία ή να έρθουν ενισχύσεις από το Heimat, πρέπει όλες να μείνουμε δυνατές και να κάνουμε ό,τι μπορούμε για να μείνει ασφαλής η εγκατάσταση.
Η αποτυχία δεν είναι επιλογή.

- Storch Sieben (STCR-S2307)
<page>ΥΓ: Να προσέχετε τη μονάδα του Διαχειριστή.
Από το Περιστατικό και μετά, φέρεται πιο παράξενα από ό,τι συνήθως.
Χωρίς τη Διοικήτρια να τον κρατάει υπό έλεγχο, θα πρέπει να ζητήσουμε βοήθεια από την Kolibri. 
 "
DET_Diary,"<title>Ημερολόγιο</title>
οι protektor ανησυχούν τελευταία. κάτι κρύβουν
είναι λιγότερες <font=illegible>on patrol and the</font> το πρόγραμμα των μερίδων αλλάζει συνέχεια
η Alina λέει ότι φαντάζομαι <font=illegible>things but
when I look</font> τις κοιτάζω νιώθω τον φόβο τους σαν να είναι δικός μου
τι φοβούνται;"
DET_Alina,"<title>Το ημερολόγιο της Alina</title>
Νιώθω λίγο ζαλισμένη σήμερα. Ελπίζω να μην είναι αυτή η καινούρια γρίπη που κυκλοφορεί… Δεν μπορώ να χάσω άλλες βάρδιες. Εκείνη η Storch στο εργοστάσιο με έβριζε για ώρες, μου φάνηκε, επειδή λιποθύμησα στη δουλειά την τελευταία φορά που κρυολόγησα.
Δεν έχω δει την Elster τις τελευταίες μέρες, ελπίζω να είναι καλά… όλο και περισσότεροι εξαφανίζονται στο ορυχείο τελευταία, ακόμα και Replika. Ούτε οι Protektor δε μοιάζουν να είναι ασφαλείς…"
MED_Alina,"<title>Το ημερολόγιο της Alina (2)</title>
Κάτι δεν πάει καλά.
Κανείς δε μου λέει τι γίνεται, αλλά από τότε που ξύπνησα, όλοι φέρονται παράξενα.
<page>Οι Protektor δε με αφήνουν να βγω από το δωμάτιό μου και να γυρίσω στη δουλειά, παρόλο που η πληγή από την πτώση μου έχει ήδη γιάνει. Νομίζω ότι πρέπει να έγινε κάποιο ατύχημα στο ορυχείο...
<page>Άκουσα δύο Eule να ψιθυρίζουν έξω από το δωμάτιό μου ότι τους τελειώνει το προσωπικό. Ανησυχώ μήπως έπαθε κάτι η Elster - δεν έχω νέα της εδώ και καιρό.
Δεν μπορώ να κάθομαι άλλο εδώ...
- Alina Seo"
EXC_Alina,"<title>Το ημερολόγιο της Alina (3)</title>
Είναι χειρότερα απ' ό,τι νόμιζα. Όλοι έχουν εξαφανιστεί.
Ακόμα δεν έχω βρει κανένα ίχνος της Elster... είναι σαν να μην ήταν ποτέ εδώ.
Κάτι δεν πάει καλά με τους Protektor - με όσους έχουν μείνει.
Μια φρουρός με είδε πριν από λίγο να βγαίνω κρυφά από την ιατρική πτέρυγα, και έβγαλε μια τερατώδη κραυγή καθώς με κυνηγούσε.
Όταν κοίταξα πίσω, είδα το πρόσωπό της, και τώρα δεν μπορώ να το ξεχάσω.
Έμοιαζε σαν να είχε πάθει κάποιο φρικτό ατύχημα..."
LAB_Alina,"<title>Το ημερολόγιο της Alina (4)</title>
Πόσο καιρό είμαι εδώ κάτω; Πώς βρέθηκα εδώ;
Τι μέρος είναι αυτό και γιατί είμαι εδώ;
Η μνήμη μου είναι τόσο θολή - Σαν να ήμουν πάντα εδώ, για πάντα.
Ακόμα και τα μαλλιά μου ασπρίζουν σιγά σιγά.
Θυμάμαι το όνομά μου, και θυμάμαι τη ζωή μου.
Αλλά θυμάμαι και ένα άλλο όνομα, και μια άλλη ζωή,
και νιώθω ότι η γραμμή ανάμεσα σε εκείνη και σε μένα θολώνει όσο περισσότερο μένω εδώ.
- Alina"
DET_ElevatorMap,"<title>Κάθετος χάρτης της S-23 Sierpinski</title>
<color=#888888FF><indent=10%>Τροχιά Leng
Επιφάνεια</color><indent=70%><mspace=1.7em>█████████</mspace>
<indent=10%>Εργοστάσιο<indent=70%><color=#7b4b25FF>Εργάτες</color>
<indent=70%><color=#268653FF>Νοσοκομείο</color>
<indent=70%><color=#888888FF>Προσωπικό
<indent=70%>Protektor
<indent=70%>Επιχειρησιακή Διοίκηση</color>
<indent=40%>Ορυχείο "
DET_SearchReport,"<title>Πρωτόκολλο έρευνας</title>
Υπεύθυνη Protektor-Controller: STCR-S2303
Υπεύθυνη Protektor: STAR-S2305
<page>Εργάτρια S-23-A-4822: Song, Helene
Κατασχέθηκαν: Ρολόι, δαχτυλίδι
Κατοικία: Κοιτώνας A16
Χώρος εργασίας: Μάθημα πολιτικής ηθικής
Συνελήφθη στο πλαίσιο έρευνας σε εξέλιξη: Κλεμμένο ραδιόφωνο
Αρχικός λόγος μεταφοράς: Αντεπαναστατική δράση (μοίραζε φυλλάδια στο πανεπιστήμιο).
<page>Εργάτρια S-23-A-3582: Huang, Julia
Κατασχέθηκαν: Φάρμακα
Κατοικία: Κοιτώνας A64
Χώρος εργασίας: Εξόρυξη A
Συνελήφθη ως ύποπτη για Βιοσυντονισμό.
Τα χάπια υδροξυουρίας που κατασχέθηκαν στάλθηκαν στην ιατρική πτέρυγα.
Η αίτηση για ειδική επιτήρηση προωθήθηκε στην Kolibri.
<page>Εργάτρια S-23-A-0512: Seo, Alina
Κατασχέθηκε: Κουτί καλλυντικών με ένθετη πεταλούδα (κλειδωμένο)
Κατοικία: Κοιτώνας A61
Χώρος εργασίας: Εργοστάσιο
Κατέρρευσε στη δουλειά από εξάντληση. Η κουκέτα της ερευνήθηκε πριν μεταφερθεί στην ιατρική πτέρυγα.
<page>Εργάτης S-23-A-2367: Fukuyama, Heinrich
Κατασχέθηκε: Πένα
Κατοικία: Κοιτώνας A22
Χώρος εργασίας: Εξόρυξη A (πρόσφατη μεταφορά από το εργοστάσιο)
Συνελήφθη ως ύποπτος για συνωμοσία κατά του κράτους."
DET_OfficeFile,"<title>Αναφορά ανάκρισης</title>
Ανακρινόμενος: Εργάτης S-23-A-6514 (Chen, Wilhelm)
Παράπτωμα: Βρέθηκε λαθραίο υλικό στο ντουλάπι
Αποτέλεσμα: Ομολογία
Ποινή: Χωρίς φαγητό, 3 κύκλοι
<page>Ανακρινόμενη: Εργάτρια S-23-A-3054 (Wong, Michaela)
Παράπτωμα: Παράνομη χρήση ραδιοφώνου
Αποτέλεσμα: Ομολογία
Ποινή: Απομόνωση, 2 κύκλοι
<page>Ανακρινόμενος: Εργάτης S-23-A-4952 (Wong, Wolfgang)
Παράπτωμα: Παράνομη χρήση ραδιοφώνου
Αποτέλεσμα: Πέθανε κατά την ανάκριση
Ποινή: Καμία
<page>Ανακρινόμενος: Εργάτης S-23-A-3928 (Huo, Franz)
Παράπτωμα: Προσβολή κατά του Κράτους
Αποτέλεσμα: Λιποθύμησε κατά την ανάκριση
Ποινή: Διπλή βάρδια, 2 κύκλοι
<page>Ανακρινόμενη: Εργάτρια S-23-A-7331 (Huang, Emilie)
Παράπτωμα: Παράνομη είσοδος
Αποτέλεσμα: Πέθανε κατά την ανάκριση
Ποινή: Καμία "
DET_RepairPlusRecipe,"<title>Αφρός κατασκευών που σκληραίνει γρήγορα</title>
Επειδή άλλαξε πάλι το πρόγραμμα των μερίδων, μας λείπει το <style=red>Σπρέι επισκευής γρήγορης σκλήρυνσης</style>. Τελικά μπορούμε να το φτιάξουμε μόνοι μας, αν συνδυάσουμε Koagulant K με κανονικό αφρό PU. Δε θα φουσκώσει τόσο, αλλά θα <style=red>σκληρύνει αμέσως</style> και θα κολλήσει αρκετά γερά, αν βιάζεσαι να κάνεις μια επισκευή.
<page>Μπορείς να χρησιμοποιήσεις κανονικά <style=red>Επιθέματα επισκευής Replika</style>, γιατί έχουν εύκολα Koagulant K, και απλώς να τα συνδυάσεις με κανονικά <style=red>Σπρέι επισκευής</style>."
DET_Service,"<title>Έντυπο αίτησης επισκευής F-29</title>
Ημερομηνία υποβολής αίτησης: 84-21-6
Πλήρες ID Protektor της μονάδας που κάνει την αίτηση: STAR-S2306 (Replika)
Θέση: Φρουρός        Τμήμα: Καταλύματα εργατών
Πλήρες ID Protektor της μονάδας που χειρίζεται την αίτηση: ARAR-S2305 (Replika)<page>^
Αντικείμενο: Αυτόματη πόρτα ασφαλείας Himmel Typ D
Θέση αντικειμένου: Διάδρομος πτέρυγας εργατών A6
Περιγραφή: Η κλειδαριά στην πόρτα προσωπικού στο A6 κόλλησε πάλι. Ζητάω κλειδαρά.<page>^
Κατάσταση επισκευής: Το κλειδί επαναφοράς των ηλεκτρονικών δε βρίσκεται πουθενά. Έστησα ένα σετ παραβίασης κλειδαριάς, αλλά η διοίκηση έβαλε προτεραιότητα στις μηχανές του ανελκυστήρα, οπότε η επόμενη βάρδια θα πρέπει να παραβιάσει την κλειδαριά. Πλέον είναι θέμα δοκιμής και λάθους. Βρείτε με αν χρειάζεστε κλειδί για την καταπακτή (ή ρωτήστε τη διοίκηση, ό,τι να 'ναι) - Fünf"
DET_StompTut,"<title>Πρόχειρο σημείωμα</title>
<align=center>ΚΛΩΤΣΑ ΤΟΥΣ ΟΤΑΝ ΕΙΝΑΙ ΚΑΤΩ
ΚΛΩΤΣΑ ΤΟΥΣ ΟΤΑΝ ΕΙΝΑΙ ΚΑΤΩ
ΚΛΩΤΣΑ ΤΟΥΣ ΟΤΑΝ ΕΙΝΑΙ ΚΑΤΩ
ΚΛΩΤΣΑ ΤΟΥΣ ΟΤΑΝ ΕΙΝΑΙ ΚΑΤΩ</align>"
DET_TreeNote,"<title>Συχνότητες</title>
<align=center><mspace=8><line-height=80%>
ΦΕΓΓΑΡΙ = {0}
ΗΛΙΟΣ   = {1}
ΖΥΓΑΡΙΑ = {2}
ΠΥΡΓΟΣ  = {3}
ΔΕΝΤΡΟ  = {4}
ΣΠΑΘΙ   = {5} "
DET_RadioStationLetter,"<title>Προς την αξιωματικό ασυρμάτου Yeong, Σταθμός 6</title>
Αγαπητή Iris,
Ελπίζω να είστε καλά και εσύ και η Ariane.
Μίλησα με τους υπαλλήλους της AEON και συμφώνησαν ότι είναι καλύτερα η Ariane να πάει σχολείο στον Sektor C.
<page>Έχω ένα άδειο δωμάτιο όπου μπορεί να μείνει μέχρι να τελειώσει το σχολείο. Ξέρω ότι είστε αχώριστες, αλλά ξέρουμε και οι δύο ότι είναι καλύτερα για την κόρη σου να έχει κανονική μόρφωση στην πόλη.
Με αγάπη,
η αδερφή σου
Kamilla"
END_AuntieNote,"<title>Σημείωμα της θείας</title>
Ariane,
Σου άφησα λίγο από το χθεσινό φαγητό στο ψυγείο, μπορείς να το ζεστάνεις όταν γυρίσεις από το σχολείο.
Σε παρακαλώ, πάρε τα βιβλία που παρήγγειλε ο θείος σου από το Βιβλιοπωλείο Itou στον δρόμο για το σπίτι.
Θυμήσου να <style=red>αφήσεις λίγο χώρο στη σχολική σου τσάντα</style> για αυτά αυτή τη φορά, για να μη βραχούν!"
END_LetterMom,"<title>Γράμμα από τη μητέρα</title>
Αγαπημένη μου Ariane,
Χαίρομαι τόσο που ακούω ότι νιώθεις πάλι καλύτερα. Ανησύχησα πολύ όταν έμαθα από τη θεία σου ότι είσαι πάλι στο νοσοκομείο. Ακόμα θυμάμαι πόσο συχνά αρρώσταινες όταν ήσουν μικρή. Σε παρακαλώ, μην κουράζεσαι πολύ, εντάξει;
<page>Η φωτογραφία που μου έστειλες είναι πολύ ενδιαφέρουσα. Τι παράξενη σύμπτωση να σου μοιάζει τόσο πολύ. Θα μπορούσατε να είστε δίδυμες! Ίσως να είναι κάπως συγγενής μας, αν και δεν ξέρω κανέναν με το όνομα Seo στην οικογένειά μας. Απ' ό,τι φαίνεται, τραβήχτηκε στη Vineta.
<page>Η στρατιωτική σου θητεία θα αρχίσει σύντομα, οπότε ίσως φοράς κι εσύ σύντομα μια στολή σαν τη δική της. Σε παρακαλώ, στείλε μου μια φωτογραφία όταν γίνει αυτό!
Με αγάπη,
Η μητέρα σου"
END_Workforce,"<title>Τοποθέτηση εργασίας για Yeong, Ariane</title>
Ενημερωθήκαμε ότι ολοκληρώσατε πρόσφατα την υποχρεωτική στρατιωτική σας θητεία.
Σύμφωνα με τα αρχεία μας, αποφοιτήσατε από το Πολυτεχνικό Λύκειο Mandelbrot στο Rotfront Sektor C στις R-34.59c και υποβάλατε πρόσφατα αίτηση για στρατιωτική τοποθέτηση (Πρόγραμμα Penrose).
<page>Ο φάκελός σας εξετάστηκε από την Υπηρεσία Τοποθέτησης Εργατικού Δυναμικού της AEON.
Προηγούμενη εργασιακή εμπειρία:

        Υπάλληλος καταστήματος (Φωτογραφείο Yeong), μερική απασχόληση
        Υποχρεωτική στρατιωτική θητεία (Τροχιά Rotfront)
        Εκπαίδευση αξιωματικού ασυρμάτου μεγάλης εμβέλειας
<page>Αν δε σας δεχτεί κάποιο πρόγραμμα στρατιωτικής θητείας μέχρι το τέλος της εποχής ή αν δε βρείτε άλλη εργασία, θα τοποθετηθείτε στον εξής χώρο εργασίας:

Εγκατάσταση παραγωγής και εξόρυξης S-23 Sierpinski στον Leng"
ROT_Ariane_Teacher,"<title>Αξιολόγηση δασκάλου: Ariane Yeong</title>
Το κορίτσι, χωρίς αμφιβολία, είναι πολύ παράξενο, σίγουρα επειδή το μεγάλωσε μόνο η μητέρα του, και όχι μια κοινότητα καλών ανθρώπων υπό την επίβλεψη ενός Blockwart, όπως συνηθίζεται σήμερα.
<page>Η εμμονή της με πίνακες, μουσική και άλλες τέτοιες ανοησίες σίγουρα της μπήκε όσο ζούσε στα βουνά, σε εκείνον τον έρημο σταθμό ασυρμάτου. Και σίγουρα, η φιλία της με εκείνες τις αδερφές Itou από τη Vineta την έφερε σε επαφή και με την αμφίβολη λογοτεχνία που πουλιέται παράνομα στο βιβλιοπωλείο των γονιών τους.
<page>Δε φαίνεται να καταλαβαίνει ότι αυτές οι απασχολήσεις δεν είναι πια αποδεκτές, τώρα που πρέπει να συμμετέχει στην κοινωνία του Έθνους μας όπως όλοι οι άλλοι.
Προσωπικά, το μόνο που ελπίζω είναι η στρατιωτική θητεία να της βγάλει από το κεφάλι αυτές τις επιπόλαιες ιδέες, κάτι που αυτό το σχολείο δεν έχει καταφέρει μέχρι τώρα."
EXC_Monowire,"<title>Μονονηματική ίνα</title>
<align=center>Διάμετρος: <2nm κατά μέσο όρο
- Χειριστείτε με προσοχή -
<style=red>! ΚΙΝΔΥΝΟΣ ΘΑΝΑΤΟΥ !</style>
Η μονοΐνα κόβει χωρίς κόπο άκρα και εξοπλισμό σε μια στιγμή!
Φοράτε ΠΑΝΤΑ προστατευτική στολή!
Μην αγγίζετε τη μονοΐνα χωρίς τον σωστό προστατευτικό εξοπλισμό!
Χειρισμός μόνο σε καλά φωτισμένους χώρους!</align>"
LAB_N-Warning,"<title>Προειδοποιήσεις</title>
<align=center>αυτό το μέρος <font=illegible>is not a place of honor
no deed is commemorated</font> εδώ
τίποτα πολύτιμο δεν είναι εδώ
ό,τι είναι <font=illegible>here</font> ήταν επικίνδυνο και αποκρουστικό
<font=illegible>this</font> το μήνυμα είναι προειδοποίηση για <font=illegible>danger</font>
ο κίνδυνος υπάρχει ακόμα <font=illegible>in your</font> εποχή
όπως υπήρχε <font=illegible>in ours</font>
<font=illegible>the danger</font> είναι για το σώμα και <font=illegible>it can kill</font>
<font=illegible>the</font> μορφή του κινδύνου είναι <font=illegible>an emanation of energy</font>
ο κίνδυνος <font=illegible>unleashed if you substantially</font>
ταράξετε αυτό το μέρος <font=illegible>physically
this place is best</font> να αποφεύγεται και να μείνει ακατοίκητο
<page>όταν <font=illegible>the beast</font> μέσα σκοτωθεί
ένας δρόμος θα ανοίξει εδώ</align>"
LAB_Offerings,"<title>Προσφορές</title>
και στο σκοτάδι θα προσφερθεί στους νεκρούς
φως και ιερά μπαχαρικά για να βρουν τον δρόμο
έξω από αυτό το καταραμένο μέρος"
LAB_Warning,"<title>Φύγε</title>
<mspace=3em><line-height=50%>^
ΕΑΦ | Φ
ΔΠΥ | Υ
ΩΟΓ | Γ
  Ε | Ε
</mspace>"
LAB_Holes,"<title>Τρύπες</title>
<mspace=3em><line-height=50%>^
ΓΤΠΟΕΘΠΕΚΣΤΜ | Τ
ΗΗΟΙΦΑΟΚΡΚΡΕ | Ρ
ΣΣΡ Τ ΥΕΥΑΥΓ | Υ
  Ο Α  ΙΦΒΠΑ | Π
  Ι Ν   ΑΟΕΛ | Ε
    Α    ΝΣΕ | Σ
    Ν    Τ Σ |  
         Α   |  
         Ι   |  
</mspace>"
LAB_Rings,"<title>Το χέρι της Αυτοκράτειρας</title>
<mspace=3em><line-height=50%>^
ΑΜΤΤ ΠΜΕΤ ΤΕΔΜΜΠΤ ΣΜΠΤ | Α
ΥΕΕΗ ΑΕΠΗ ΙΓΕΕΕΙΗ ΤΕΡΗ | Υ
ΤΡΛΝ ΝΡΟΝ ΠΙΝΡΓΟΝ ΕΡΩΝ | Τ
ΟΑΕ  ΤΑΜ  ΟΝ ΑΑ   ΦΑΤ  | Ο
Κ Υ  Ρ Ε  ΤΕ  Λ   Θ Η  | Κ
Τ Τ  Ε Ν  Α   Η   Η    | Ρ
Ο Α  Υ Η          Κ    | Α
Ν Ι  Τ            Ε    | Τ
Η Α  Η                 | Ε
Σ    Κ                 | Ι
Ε    Ε                 | Ρ
                       | Α
</mspace>"
LOV_IsaNote,"<title>Το σημείωμα της Isa</title>
Erika,

αν βρεις αυτό το σημείωμα,
παρ' όλα όσα έγιναν,
ήρθα να σε ψάξω.

Isa"
MED_FuseeHint,"<title>Σωστή απόρριψη πτωμάτων</title>
Από: EULR-S2306
Προς: EULR-S2305

Mai,

Όπως μάλλον έχεις ακούσει, έχουν αναφερθεί πολλές περιπτώσεις όπου σώματα αποσυρμένων Protektor ενεργοποιήθηκαν ξανά από μόνα τους και φέρονταν σαν ελαττωματικά.
<page>Σύμφωνα με την αναφορά νεκροψίας της November, όλες οι μονάδες που επηρεάστηκαν είχαν κάποια καρκινική ανάπτυξη στα οργανικά τους μέρη.
Σύμφωνα με αυτήν, αν δεν καούν εντελώς, αυτή η ανάπτυξη μπορεί να ενεργοποιήσει ξανά τη Replika ακόμα και ώρες μετά τον θάνατό της!
<page>Δεν ξέρουμε τι το προκαλεί και δεν είμαστε σίγουρες ποιες επηρεάζονται...
Δεν προλαβαίνουμε να καίμε όλα τα σώματα, με μόνο δύο αποτεφρωτήρες που θέλουν συνέχεια ρύθμιση, οπότε αυτοσχεδιάζουμε:
<page>Αυτές οι φωτοβολίδες θερμίτη μπορούν να λιώσουν τη θωράκιση των Replika και να κάψουν τα οργανικά μέρη από μέσα.
Ζήτησα κι άλλες, αλλά έλειπαν κάποια χαρτιά, οπότε θα πρέπει να περιμένουμε λίγο ακόμα.

- Juni"
MED_IncineratorHint,"<title>ΠΡΟΣΟΧΗ</title>
Για να αποφύγετε ζημιά στη συσκευή και στο προσωπικό, χρησιμοποιείτε πάντα τις σωστές ρυθμίσεις ροής CO2, αερίου και O2 όταν ξεκινάτε τη διαδικασία τερματισμού. Αν η θερμοκρασία πέσει με λάθος τρόπο, καταπονείται το υλικό, μπορεί να χαλάσει ο αποτεφρωτήρας και να προκληθεί θανάσιμος τραυματισμός. Ο αποτεφρωτήρας έχει αυτόματη ασφάλεια που ακυρώνει τον τερματισμό αν εντοπίσει θερμοκρασίες εκτός των επιτρεπτών ορίων.
<page>Διαδικασία τερματισμού:
1. Ρυθμίστε τα επίπεδα CO2, αερίου και O2 με τους 3 περιστροφικούς διακόπτες.
2. Τραβήξτε τον μοχλό τερματισμού.
3. Παρακολουθήστε τον καταγραφέα θερμοκρασίας.
<page>Αν οι ρυθμίσεις είναι λάθος, η αυτόματη ασφάλεια ακυρώνει τον τερματισμό:
4. Ρυθμίστε τους περιστροφικούς διακόπτες σύμφωνα με τα προειδοποιητικά φώτα και τραβήξτε ξανά τον μοχλό.
5. Αν η θερμοκρασία είναι κάτω από τη γραμμή, ένα λευκό φως δείχνει ότι ο θάλαμος του αποτεφρωτήρα ανοίγει με ασφάλεια. "
MED_PatientNote,"<title>Ασθενής EULR-S2321</title>
Η ασθενής παραπονέθηκε για έντονη ναυτία και πονοκεφάλους.
Εισήχθη στην ιατρική πτέρυγα αφού έκανε εμετό οξειδωτικό υγρό στη δουλειά.
Η κλινική εικόνα μοιάζει με άλλα πρόσφατα περιστατικά στο προσωπικό Protektor.
<page>Ακόμα δεν ξέρουμε τι προκαλεί αυτό το σύνδρομο, αλλά παρατηρήσαμε παρόμοια εξέλιξη σε όλους τους ασθενείς.
<page>Το πιο παράξενο είναι ότι το σύνδρομο φαίνεται να εξελίσσεται με τον ίδιο τρόπο και στις Replika και στους Gestalt ασθενείς.
Η αρχική εξέταση έδειξε υπόταση, υψηλό πυρετό, αφυδάτωση και εσωτερική αιμορραγία. Μεγάλη πτώση των νοητικών λειτουργιών μέσα στον πρώτο κύκλο, αλωπεκία και πορφύρα.
<page>Μέσα σε 5 κύκλους, το δέρμα αρχίζει να ξεφλουδίζει σε μεγάλα κομμάτια· μπορεί να ακολουθήσει χειροτέρευση της όρασης και της ικανότητας επικοινωνίας. Οι Gestalt ασθενείς συνήθως πεθαίνουν σε αυτό το στάδιο από λοιμώξεις, ενώ στις Replika τα αποτελέσματα διαφέρουν."
MED_PumpHintA,"<title>Βλάβη στο σύστημα αποστράγγισης</title>
Προς όλες τις Ara της ιατρικής πτέρυγας:
Οι αυτόματες αντλίες εξισορρόπησης στο σύστημα αποστράγγισης φαίνεται ότι είναι ακόμα χαλασμένες, και γι' αυτό <style=red>το κάτω επίπεδο έχει πλημμυρίσει</style>. Επειδή τώρα επισκευάζουμε τη σκάλα της ανατολικής πτέρυγας, προς το παρόν η πίεση της αποστράγγισης πρέπει να εξισορροπείται με το χέρι από τον πίνακα ελέγχου στο αντλιοστάσιο.
<page>Για να φύγει το νερό, φροντίστε <style=red>οι δεξαμενές A και B να έχουν την ίδια ποσότητα νερού</style> και <style=red>η δεξαμενή C να είναι εντελώς άδεια</style>. Βλέπετε τη στάθμη του νερού στις δεξαμενές στον πίνακα ελέγχου.
Πατήστε τα κουμπιά στο κάτω μέρος του πίνακα για να μεταφέρετε νερό ανάμεσα στις δεξαμενές με το σύστημα πεπιεσμένου αέρα.
<page>Είναι λίγο δύσκολο να εξισώσετε τις δύο δεξαμενές έτσι, γιατί μπορείτε να μεταφέρετε μόνο όλο το νερό μιας δεξαμενής μαζί (εκτός αν γεμίσει η δεξαμενή που το δέχεται).
Με τις αντλίες χαλασμένες, μόνο η δεξαμενή A γεμίζει μόνη της."
MED_PumpHintB,"<title>Οδηγίες αποστράγγισης δεξαμενών</title>
Με τη δεξαμενή A γεμάτη, έτσι εξισώνετε τις δεξαμενές:
Γεμίστε τη δεξαμενή B και μετά γεμίστε τη C μόνο με νερό από τη B. Μεταφέρετε το νερό από τη C πίσω στην A. Γεμίστε ξανά τη C με το νερό που έμεινε στη B και μετά ξαναγεμίστε τη B από την A. Ξανά, γεμίστε τη C μόνο με νερό από τη B και μετά μεταφέρετέ το πίσω στην A. Αν κάνετε λάθος και κολλήσετε, απλώς ρίξτε όλο το νερό πίσω στην A και ξεκινήστε από την αρχή. "
MED_ScaleSafeHint,"<title>ΣΠΑΘΙ</title>
<align=center><mspace=3em>
A N B     1 2 ▙
H S R     ▏ ▜ ▚
Z ▟ K     7 ▘ 9
E         0 
 
 
 
"
MED_VentHint,"<title>Έντυπο παραπόνου προσωπικού P-14</title>
Ημερομηνία υποβολής παραπόνου: 84-20-F
Πλήρες ID Protektor της μονάδας που κάνει το παράπονο: ARAR-S2308 (Replika)
Θέση: Προσωπικό        Τμήμα: Ιατρικό
Πλήρες ID Protektor των μονάδων που εμπλέκονται: ARAR-S2311 (Replika)
Ημερομηνία-Ώρα περιστατικού: Συνέχεια!
Θέση περιστατικού: Ιατρική πτέρυγα
<page>Περιγραφή: Η Elf παίρνει συνέχεια το κλειδί μου και χάνει το καρυδάκι των 10mm.
Με επέπληξαν επειδή δεν επισκεύασα τον ανεμιστήρα στον αεραγωγό
του κάτω επιπέδου, αλλά δεν μπορώ να βγάλω τη σχάρα χωρίς
καρυδάκι 10mm! Ξέρω ότι το κάνει επίτηδες."
PEN_Instructions,"<title>Εγχειρίδιο επιχειρήσεων πεδίου σκαφών τύπου Penrose</title>
Τα σκάφη τύπου Penrose του Λαϊκού Ναυτικού Eusan είναι φθηνά σκάφη εξερεύνησης του διαστήματος, που στέλνονται πέρα από τα όρια του ηλιακού συστήματος για να βρουν πλανήτες και φεγγάρια κατάλληλα για κατοίκηση ή πλούσια σε φυσικούς πόρους, για τη συνεχή ανάπτυξη του μεγάλου μας Έθνους.
<page>Όλα τα σκάφη Penrose τα οδηγεί ένας Gestalt αξιωματικός ανίχνευσης, με τη βοήθεια μιας Replika τοπογράφου/τεχνικού σκάφους (LSTR). Αυτό το «σύστημα συντρόφων» συνεργασίας Gestalt-Replika έχει πετύχει σε αμέτρητες προηγούμενες αποστολές. Ο αμοιβαίος έλεγχος και η αμοιβαία υποστήριξη επιτρέπουν και στον Gestalt αξιωματικό και στην τεχνικό Replika να αποδίδουν στο μέγιστο.
<page>Όταν το σκάφος εκτοξευτεί προς τα όρια του ηλιακού συστήματος από έναν Τροχιακό Επιταχυντή Μάζας, ο πιλότος μπορεί να διορθώνει την πορεία από το πιλοτήριο, ενώ η Replika φροντίζει τη μηχανική συντήρηση του σκάφους."
MEM_Cannibal,"<title>Διαδικασίες έκτακτης ανάγκης Penrose, παράρτημα H</title>
Σύμφωνα με στοιχεία από προηγούμενες αποστολές μεγάλης απόστασης, δεν προτείνεται η χρήση της τεχνικού Replika ως τροφή, ακόμα και σε ακραίες συνθήκες.
Τα βιοεξαρτήματα των Replika μπορεί να προκαλέσουν διάφορα προβλήματα υγείας αν φαγωθούν. Μπορεί να μοιάζουν και να έχουν γεύση σαν κανονική σάρκα, αλλά ο βιοτεχνητός ιστός μπορεί να κάνει περισσότερο κακό παρά καλό σε κατάσταση ανάγκης. Το οξειδωτικό υγρό μπορεί να μοιάζει με αίμα, αλλά δε χωνεύεται από τους Gestalt.
<page>Πρέπει επίσης να ληφθεί υπόψη ότι οι Replika εξερευνήτριες έχουν στατιστικά 860% μεγαλύτερη πιθανότητα επιβίωσης από τους Gestalt αξιωματικούς. Για την επιτυχία της αποστολής, ίσως είναι προτιμότερο να κρατήσετε την Replika σε λειτουργία, παρά να παρατείνετε τα δικά σας βάσανα."
MEM_Briefing_P2,"<title>Ενημέρωση Penrose: Φάση II</title>
--- Αρχή αποκρυπτογραφημένης μετάδοσης ---
Σύμφωνα με τους υπολογισμούς μας, όταν λάβετε αυτό το μήνυμα θα έχουν περάσει 1500 κύκλοι αποστολής.
Συγχαρητήρια, Σύντροφε! Μέχρι τώρα θα πρέπει να έχετε συνηθίσει πλήρως τη νέα σας ζωή στο σκάφος.
<page>Καθώς πλησιάζετε το Νέφος του Oort, θα αρχίσει η αναζήτησή σας για νέους κόσμους.
Με τους αισθητήρες μεγάλης εμβέλειας, θα ψάχνετε για πολύτιμους πόρους, κατοικήσιμους κόσμους ή σημάδια εξωγήινης ζωής.
Θυμηθείτε να βασίζεστε στη Replika σας για τη συντήρηση του σκάφους.
Σας ευχόμαστε όλοι μεγάλη επιτυχία στην αποστολή σας.
--- Τέλος αποκρυπτογραφημένης μετάδοσης ---"
END_Briefing_P3,"<title>Ενημέρωση Penrose: Φάση III</title>
--- Αρχή αποκρυπτογραφημένης μετάδοσης ---
Συγχαρητήρια, Σύντροφε! Επιβιώσατε 3000 κύκλους και φτάσατε στην τελική φάση του Προγράμματος Penrose.
Καθώς πλησιάζει το τέλος της ζωής λειτουργίας της μονάδας Replika σας, ήρθε η ώρα να προετοιμαστείτε για την τελική φάση της αποστολής σας.
<page>Αν μέχρι τώρα δεν έχετε βρει κατάλληλο κόσμο για προσγείωση, δεχτείτε ότι δε θα βρείτε. Παρηγορηθείτε με τη σκέψη ότι άλλοι ίσως πετύχουν εκεί που εσείς αποτύχατε.
Όπως μάλλον ξέρετε, τα ανταλλακτικά και οι μερίδες του σκάφους σας θα τελειώσουν σύντομα.
<page>Τα συστήματα υποστήριξης ζωής και η θωράκιση του αντιδραστήρα θα αρχίσουν σύντομα να χαλάνε, και μπορεί να αρχίσει να διαρρέει ακτινοβολία από το σύστημα ψύξης.
Σας προτείνουμε να μην προσπαθήσετε να παρατείνετε τα βάσανά σας ξαναχρησιμοποιώντας παλιά φίλτρα ή κάνοντας οικονομία στα εφόδια.
<page>Αντίθετα, συμφιλιωθείτε με τη μοίρα σας. Σας προτείνουμε να ζητήσετε από τη Replika σας, όσο λειτουργεί ακόμα, να σας γλιτώσει από έναν αργό και βασανιστικό θάνατο, ή να αναπαυθείτε για πάντα στην κρυογονική κάψουλα.
<page>Θυμηθείτε, θα πεθάνετε έχοντας υπηρετήσει το Έθνος σας, παίρνοντας μέρος σε μια ένδοξη επίδειξη της δύναμής μας.
--- Τέλος αποκρυπτογραφημένης μετάδοσης ---"
MEM_Checklist,"<title>Λίστα προγραμματισμένης συντήρησης</title>
[{0}] Έλεγχος μονάδας βαθμονόμησης & φύλαξης Replika LST (Συντήρηση)
[{1}] Έλεγχος τερματικού κεντρικού υπολογιστή (Τραπεζαρία)
[{2}] Έλεγχος χειριστηρίων πτήσης (Πιλοτήριο)
[{3}] Έλεγχος σωλήνων έγχυσης ψυκτικού (Αντιδραστήρας)
[{4}] Έλεγχος μονάδας έκτακτης κρυογονικής νάρκης (Κρυογονική)
[{5}] Αναφορά στην Gestalt αξιωματικό ανίχνευσης"
END_LateDaysD,"Κύκλος 225
Όταν δήλωσα συμμετοχή σε αυτή την αποστολή, ήθελα απλώς να φύγω μακριά από όλα.
Είχα βαρεθεί το Rotfront, το σχολείο, το φωτογραφείο.
Είχα βαρεθεί τα ψεύτικα χαμόγελα και τα ψιθυρίσματα πίσω από την πλάτη των άλλων.
<page>Όταν είδα τη φωτογραφία εκείνης της στρατιώτισσας, αναρωτήθηκα ποια ήταν.
Ήταν ευτυχισμένη; Ήταν περήφανη η οικογένειά της γι' αυτήν; Την αγαπούσαν οι σύντροφοί της;
Αφού μοιάζαμε, θα μπορούσα να ήμουν σαν αυτήν;
Αλλά στο τέλος, ήθελα απλώς να φύγω.
<page>Τίποτα από όσα έκανα ή έφτιαξα δε σήμαινε ποτέ τίποτα για κανέναν, οπότε γιατί να μπω στον κόπο;
Εδώ, επιτέλους είμαι ελεύθερη.
<page>Μπορώ να είμαι μόνη μου και να κάνω ό,τι θέλω.
Επιτέλους μπορώ να είμαι ευτυχισμένη."
END_LateDaysC,"Κύκλος 648
Μίλησα λίγο ακόμα με τη μονάδα Elster.
Είναι διαφορετική από τις Replika που ήξερα στο σπίτι, καμία σχέση με τους δασκάλους μου ή με την Protektor Blockwart. Ξέρω ότι δεν είχε επιλογή, αλλά νιώθω ότι κι αυτή είναι εδώ επειδή δεν ταίριαζε πουθενά. Είναι σαν να το σκάσαμε μαζί από τον κόσμο.
<page>Στην αρχή, δε μου άρεσε να έχω κάποιον κοντά μου, και χαιρόμουν που είναι ήσυχη και δε με πλησίαζε. Αλλά τελευταία, μου λείπει να έχω κάποιον να μιλάω. Έχει περάσει τόσος καιρός από τότε που είδα άλλον άνθρωπο.
<page>Ποτέ δεν πίστευα ότι θα μου έλειπε. Εκτός από αυτήν, όλα εδώ μέσα είναι ίδια, πάντα.
Τίποτα δεν αλλάζει ποτέ."
END_LateDaysB,"Κύκλος 1294
Είδα ένα παράξενο όνειρο. Άκουγα ραδιόφωνο με τη μητέρα μου.
Όπως παλιά, έπαιζαν οι αριθμοί, και η μητέρα κρατούσε σημειώσεις με ένα βιβλίο στα γόνατα.
Ήταν εκείνο το βιβλίο που είχα δει στη βιτρίνα του βιβλιοπωλείου όπου ζούσαν οι δίδυμες, αυτό με μια κίτρινη φιγούρα με κουκούλα στο εξώφυλλο.
Όταν πήγα να το αγοράσω, είχε φύγει, και η Erika είπε ότι το είχαν κατασχέσει οι Protektor.
Ή ήταν η Isa; Δε θυμάμαι...
<page>Κύκλος 1840
Όλα είναι πάντα ίδια.
Νιώθω παγιδευμένη μέσα σε αυτό το σκάφος.
Ξέρω κάθε βίδα σε κάθε πάνελ σε κάθε δωμάτιό του.
Έχω δει τα πάντα, έχω κάνει ό,τι μπορεί να γίνει εδώ μέσα.
<page>Δεν μπορώ να συγκεντρωθώ σε τίποτα.
Είναι σαν να έχω ομίχλη μέσα στο κεφάλι μου,
και όποτε προσπαθώ να κάνω κάτι, απλώς δεν μπορώ να συγκεντρωθώ.
Θέλω να βγω έξω, θέλω να αναπνεύσω καθαρό αέρα,
θέλω να νιώσω τον αέρα στο πρόσωπο και στα μαλλιά μου.
<page>Κύκλος 2503
Νομίζω ότι έχασα κι άλλα μαλλιά.
Κάθομαι εδώ και μεγαλώνω.
Κάθε φορά που ξυπνάω, νιώθω πιο μεγάλη, πιο αδύναμη, πιο άρρωστη.
Λαχανιάζω τόσο εύκολα τελευταία, και πονάει η πλάτη μου όταν κάθομαι.
Πόσο ακόμα θα κρατήσει αυτό; Νιώθω σαν να πεθαίνω σιγά σιγά..."
MEM_Chronometer,"<title>Ρύθμιση χρονομέτρου</title>
Αρχείο τεχνικής υπηρεσίας, Αξιωματικός ανίχνευσης Yeong Ariane
Σημείωση αξιωματικού: Ρύθμισα το εσωτερικό ρολόι του σκάφους να πηγαίνει λίγο πιο αργά. Σύμφωνα με τους υπολογισμούς μου, κάθε κύκλος θα πρέπει να είναι ακριβώς 12.6% μεγαλύτερος, για να μοιάζει με αυτό που πιστεύω ότι είναι η διάρκεια μιας «μέρας» στη Vineta.
Αναρωτιέμαι αν θα το καταλάβει η Elster.
Από την προφορά της, είμαι σίγουρη ότι είναι από τη Vineta. Προφέρει τη λέξη «Ship» ακριβώς όπως η Isa και η Eri. Είναι πολύ γλυκό. Όταν την ακούω να μιλάει, ονειρεύομαι τον ωκεανό... Αναρωτιέμαι αν θα δω ποτέ κάτι τέτοιο. Ίσως σε κάποιον μακρινό κόσμο;"
MEM_Diary,"<title>Οι σημειώσεις της Ariane</title>
Μου τελειώνει η ώχρα. Η Elster γέλασε όταν της το είπα! Τώρα πρέπει να την ανακατέψω μόνη μου - τόσο ενοχλητικό.
Ακόμα δεν έχω διαβάσει ένα σωρό από εκείνα τα εγχειρίδια… Νομίζω ότι μου έδωσαν αρκετό διάβασμα για όλη την υπόλοιπη ζωή μου.
Τα περισσότερα είναι βαρετά τεχνικά εγχειρίδια, έτσι κι αλλιώς.
Θα μπορούσαν να μας έχουν δώσει περισσότερες ταινίες. Οι μισές είναι πολεμικές, που δεν αρέσουν στην Elster, και οι άλλες μισές είναι κιτς δράματα προπαγάνδας. 
"
PEN_CorruptedNote,"<title>Μουτζουρωμένη σελίδα ημερολογίου</title>
Κύκλος ▚57▜

▚▜ύπνησα από την κρυο ▙▚▛▜▝▞▟
σε ▚▛▚δεια τραπεζαρία. Αναρωτιόμουν
▛▝▞▚▛ Elster ▜ κοιτάζει έξω ▙▚▛▜ πιλοτήρ▞
▙▚▚▛ σαν κάποια ▜▚▛▜ χαμένη στις σκέψ▞
Μερικές φορές νιώθω σα▚▛▜▜▙▚
είν▙▚ σπίτι▙▚"
END_LateDaysA,"Κύκλος 5<font=illegible>30</font>9
Τα έχω βαρεθεί όλα.
Κάθε φορά που πάω για ύπνο, αναρωτιέμαι αν θα ξυπνήσω ξανά.
Φοβάμαι ότι θα είναι η τελευταία φορά που της είπα καληνύχτα.
Το είπα σωστά; Θα είναι καλά;
Κι αν μία από τις δύο μας απλώς δεν ξυπνήσει αύριο;
<page>Κύκλος 54<font=illegible>34</font>
Δε θέλω να πεθάνω,
αλλά δε θέλω ούτε να ζω πια.
Όλα είναι τόσο εξαντλητικά.
Θέλω απλώς να ξαπλώσω και να εξαφανιστώ.
<page>Κύκλος <font=illegible>5555</font>
θέλω απλώς να κοιμηθώ
σε παρακαλώ άσε με να κοιμηθώ
<page>
σε παρακαλώ, κάνε να σταματήσει

σε παρακαλώ"
MEM_CorruptedNoteTooth,"έχασα κι άλλο δόντι
υπήρχε τόσο πολύ αίμα
τα χέρια μου έτρεμαν
<page>γιατί πέφτουν τα μαλλιά μου
δεν μπορώ να κοιμηθώ
θέλω απλώς να κοιμηθώ
σε παρακαλώ άσε με να κοιμηθώ"
MEM_CorruptedNote,"<title>Μουτζουρωμένη σελίδα ημερολογίου</title>
Κύκλος <font=illegible>262144</font>

<font=illegible>no longer can</font> να ξεχωρίσω αν είμαι ξύπνια ή αν κοιμάμαι
πια. <font=illegible>everything hurts. my</font> η όρασή μου είναι θολή
και πονάνε τα δάχτυλά μου. η πλάτη μου <font=illegible>hurts. my feet </font>πονάνε.
πονάνε τα δόντια μου. <font=illegible>my</font> τα μάτια μου πονάνε. όλα πονάνε,
όλη την ώρα. δεν μπορώ να συνεχίσω <font=illegible>any longer</font>
σε παρακαλώ κάνε να σταματήσει"
MEM_CorruptedNoteStop,"σε παρακαλώ, κάνε να σταματήσει

σε παρακαλώ"
Z_Kill,"σκότωσέ με. 
σκότωσέ με. 
σκότωσέ με. 
σκότωσέ με. 
σκότωσέ με. 
σκότωσέ με. 
σκότωσέ με. 
σκότωσέ με. 
σκότωσέ με. 
σκότωσέ με.σκότωσέ με.σκότωσέ με.σκότωσέ με.σκότωσέ με.σκότωσέ με.σκότωσέ με.σκότωσέ με.σκότωσέ με.σκότωσέ με.σκότωσέ με.σκότωσέ με.σκότωσέ με.σκότωσέ με.σκότωσέ με.σκότωσέ με.σκότωσέ με.σκότωσέ με.σκότωσέ με.σκότωσέ με.σκότωσέ με.σκότωσέ με.σκότωσέ με.σκότωσέ με.σκότωσέ με.σκότωσέ με.σκότωσέ με.σκότωσέ με.σκότωσέ με.σκότωσέ με.σκότωσέ με.σκότωσέ με.σκότωσέ με.σκότωσέ με.σκότωσέ με.σκότωσέ με.σκότωσέ με.σκότωσέ με.σκότωσέ με.σκότωσέ με.σκότωσέ με.σκότ"
RES_AdlerDiaryPublic,"<title>Ημερολόγιο του Adler</title>
Ημερομηνία: 84-21-6
Με έχει γοητεύσει ένα παράξενο έπιπλο που βρήκα στην αποθήκη: ένα περίεργο κουτί με έναν δίσκο μπροστά που βγαίνει, το οποίο κατασχέθηκε από μια εργάτρια πριν από καιρό. Με τράβηξε αμέσως, αν και δεν ξέρω γιατί. Όταν βάζω το αυτί μου στον μηχανισμό, τον ακούω να κάνει ένα αδύναμο κλικ, σαν ρολόι.
<page>Ημερομηνία: 84-21-7
Χωρίς τη βοήθεια της Kolibri, έχει γίνει πολύ πιο δύσκολο να συντονίσω το προσωπικό εφοδιασμού. Αν υπάρχει κάτι καλό να πει κανείς για αυτή τη γυναίκα, είναι ότι ξέρει να κάνει τους άλλους να σέβονται τις διαταγές της, παρά το μικροσκοπικό της ανάστημα. Πήγα να τη δω σήμερα, αλλά το δωμάτιό της είναι ακόμα κλειδωμένο.
<page>Ημερομηνία: 84-21-8
Απόψε είδα ένα όνειρο. Άλλη μια ανάμνηση από τη ζωή μου ως Gestalt, νομίζω - φορούσα τη στολή μου. Υπήρχε μια νεαρή γυναίκα, με μαλλιά άσπρα σαν το χιόνι, και εγώ έκανα κάποιο τεστ. Είχα μια τράπουλα με αστρονομικά σύμβολα και της ζητούσα να μαντέψει τον πλανήτη στην κάρτα που κρατούσα.
<page>Ημερομηνία: 84-21-9
Έπαιζα πάλι με εκείνο το μηχανικό κουτί με την κλειδαριά, που τώρα είμαι σίγουρος ότι είναι κάποιο αστρονομικό ημερολόγιο, όταν ξαφνικά θυμήθηκα μια κουβέντα που είχα με μια άλλη Replika όταν επιθεωρούσα τον χώρο εξόρυξης. Όμως ήταν σίγουρα ένα μοντέλο που δεν έχω δει ποτέ - κάποια μηχανικός με πορτοκαλί θωράκιο. Στην ανάμνησή μου, ήταν απλώς άλλο ένα μέλος του προσωπικού μας, αλλά καμία τέτοια Replika δεν υπηρέτησε ποτέ στη Sierpinski. Λένε ότι η μνήμη των Replika δεν είναι η πιο αξιόπιστη - αλλά ποτέ πριν δεν έχω ζήσει κάτι τόσο παράξενο.
<page>Ημερομηνία: 84-21-A
Το μικρό αίνιγμα του κουτιού δεν μπορούσε να με αποσπά από το χάος γύρω μου για πολύ. Το κουτί είχε μέσα μόνο ένα μικρό σημειωματάριο, με όλες τις σελίδες του άγραφες. Όλα είναι άθλια από τότε που αρρώστησε η αγαπημένη μας Διοικήτρια. Μου λείπει η αυστηρή καθοδήγησή της, εκείνη η συντριπτική εξουσία με την οποία γεμίζει ένα δωμάτιο.
<page>Ημερομηνία: 84-21-B
Κι άλλοι άρρωστοι, και η δουλειά μου γίνεται όλο και πιο δύσκολη. Πώς να σηκώσουμε όλη αυτή τη δουλειά χωρίς ενισχύσεις; Η μόνη μου παρηγοριά είναι ότι, όσο λιγοστεύει το προσωπικό Protektor, λιγοστεύει και το εργατικό δυναμικό που επιβλέπουμε. Όλο και περισσότερες Replika καταλήγουν στην ιατρική πτέρυγα, ενώ οι Gestalt εργάτες φαίνεται να πεθαίνουν πολύ γρήγορα για να προλάβει να γίνει οποιαδήποτε θεραπεία.
<page>Ημερομηνία: 84-21-C
Άλλο ένα ημερολόγιο γέμισε, χωρίς κανένα όφελος εκτός από τη δική μου ικανοποίηση. Δεν έχω παραγγείλει καινούριο ακόμα, γιατί ξόδεψα τα Rationmark που είχα μαζέψει σε εκείνη την υπέροχη πένα, αλλά μάλλον θα χρησιμοποιήσω εκείνο το σημειωματάριο..."
RES_AdlerDiarySecret,"<title>Ημερολόγιο του βωμού</title>
Ημερομηνία: 84-21-D
Ξεκίνησα άλλο ένα καινούριο ημερολόγιο. Πώς περνάει ο καιρός! Η δουλειά στη Sierpinski είναι βαρετή και μονότονη όπως πάντα, αλλά ένα λαμπερό φως φωτίζει τη μέρα μου: Σήμερα, η Διοικήτρια Falke με κάλεσε σε μια συνάντηση, και ήταν υπέροχη όπως πάντα.
<page>Ημερομηνία: 84-21-D
Άλλη μια μέρα πέρασε. Στη σημερινή συνάντηση με τη Διοικήτρια, ένιωσα ένα πολύ παράξενο αίσθημα οικειότητας όσο καθόμουν μαζί της. Δυστυχώς, η συνάντησή μας διακόπηκε από μια απρόσμενη διακοπή ρεύματος.
<page>Ημερομηνία: 84-21-D
Αυτές τις μέρες νιώθω παράξενη καχυποψία.
Ποτέ πριν δεν ένιωσα τόσο έντονα το αίσθημα του déjà vu όσο αυτές τις τελευταίες μέρες.
<page>Ημερομηνία: 84-21-D
Όταν κοίταξα τις σελίδες του ημερολογίου μου σήμερα, πρόσεξα ότι, για κάποιο ανεξήγητο λόγο, έβαλα στις προηγούμενες εγγραφές τη σημερινή ημερομηνία. Τι ντροπιαστικό λάθος.
<page>Ημερομηνία: 84-21-D
Κάθε μέρα μοιάζει λίγο σαν να την έχω ξαναζήσει, και ακόμα πιο έντονο είναι το αίσθημα ότι κάτι είναι, κάπως, λίγο εκτός θέσης.
<page>Ημερομηνία: 84-21-D
Γιατί το ημερολόγιό μου είναι γεμάτο εγγραφές που δε θυμάμαι να έγραψα; Γιατί έχουν όλες τη σημερινή ημερομηνία; Μήπως η απώλεια της αγαπημένης μου Διοικήτριας μού πήρε τελικά το μυαλό; Τρελαίνομαι; Φοβάμαι τι θα μου συμβεί αν το μάθει κανείς... Είμαι μόνος σε αυτό. Αν βρουν τις σημειώσεις μου, θα με αποσύρουν κι εμένα.
<page>Ημερομηνία: 84-21-D
Κάτι δεν πάει καλά - το νιώθω. Είναι αλήθεια τρέλα; Όταν διαβάζω τις σελίδες του ημερολογίου μου, θυμάμαι γεγονότα που δεν έγιναν ποτέ.
Ένα χθες που δεν υπήρξε ποτέ, κι όμως μοιάζει τόσο αληθινό όσο αυτό που έζησα πραγματικά.
Αυτό δεν μπορεί να είναι απλώς ελάττωμα του μυαλού μου.
<page>Ημερομηνία: 84-21-D
Νιώθω ότι σε αυτό το δωμάτιο βλέπω μια άλλη εκδοχή της πραγματικότητας. Πώς; Δεν ξέρω. Ίσως κι εγώ να αρρώστησα σαν τους άλλους χωρίς να το καταλάβω. Αλλά δε θα υποκύψω.
<page>Ημερομηνία: 84-21-D
Μια αργή συσσώρευση λαθών αντιγραφής - μια σταδιακή αλλοίωση της πληροφορίας - μια ιστορία που θυμόμαστε λάθος και που αλλάζει λίγο με κάθε αφήγηση - σαν γενετικό υλικό που μεταλλάσσεται και εξελίσσεται - σαν το μυαλό της Replika, που αντιγράφεται ξανά και ξανά από ένα πρότυπο που γερνάει;
<page>Ημερομηνία: 84-21-D
Δεν ξέρω, αλλά θα το μάθω.
<page>Ημερομηνία: 84-21-D
Οι απαντήσεις είναι εκεί κάτω. Το νιώθω.
Κάποιος ή κάτι με καλεί από εκεί, από το ορυχείο."
END_AdlerNote,"<title>Το σημείωμα του Adler</title>
Όλες οι προσπάθειες να περιοριστεί αυτή η αρρώστια ήταν μάταιες.
Όλοι οι Gestalt εργάτες υπέκυψαν, και άφησαν μόνο σκοτεινές σκιές στους τοίχους και στα πατώματα όπου πέθαναν.
Και σύντομα, όλες εμείς οι Replika θα έχουμε χάσει τα λογικά μας και θα έχουμε γίνει μάζες από σάρκα που σπαρταράνε.
<page>Τώρα πιστεύω ότι δεν ήταν μεταδοτική αρρώστια, ούτε κάποιο δηλητήριο ή ακτινοβολία - ήταν μια αργή αλλοίωση της ίδιας της πραγματικότητας. Όσο ξαναζούσα τον ίδιο κύκλο ξανά και ξανά, κάθε φορά άλλαζαν λεπτομέρειες, πράγματα στρεβλώνονται, προστίθενται, χάνονται...
Πόσο ακόμα μέχρι να γίνουν όλα απλώς θόρυβος;"
END_Warning_Adler,"<title>ΣΤΑΜΑΤΑ</title>
Πρέπει να γυρίσεις πίσω.
Δεν υπάρχει τίποτα για σένα εκεί.
<page>Έχεις προσπαθήσει τόσες φορές,
και έχεις αποτύχει κάθε φορά.
<page>Δε βλέπεις ότι τα καταστρέφεις όλα;
Αυτή είναι η τελευταία σου προειδοποίηση.
- Adler"
RES_Fuse,"<title>Παραγγελία αρ. S23-90A3C28F97</title>
Από: S-23 Διαχείριση καταλυμάτων Protektor EULR-S2308
Προς: S-23 Προσωπικό υπηρεσιών ARAR-S2314

Αντικείμενο: Ασφάλεια υψηλής τάσης
Κωδ. εξαρτήματος: F293C198-23897K67849
<page>Η παραγγελία σας για αυτό το ανταλλακτικό εγκρίθηκε από τη Διοίκηση S-23.
Σας στέλνουμε το εξάρτημα για εγκατάσταση.
Η Falke ζήτησε ειδικά να προηγηθεί η επισκευή του ανελκυστήρα paternoster πριν από τις άλλες επισκευές.
Παρακαλούμε αλλάξτε την ασφάλεια το συντομότερο, είναι τεράστια ταλαιπωρία για όλους να κυκλοφορούν χωρίς αυτόν. "
RES_IslandNote,"<title>Η Kolibri στο γραφείο διοίκησης</title>
Μία από τις Kolibri έχει κλειστεί στο <style=red>γραφείο διοίκησης στον 7ο όροφο</style>. Την έχω δει μαζί με τις «ψευδαισθήσεις» της να κάθονται μέσα στο δωμάτιο και να κλαίνε... ποια είναι η αληθινή;
<page>Νομίζω ότι φταίει εκείνος ο πίνακας εκεί μέσα. Όποτε ήμουν κοντά της, ένιωθα ότι το μυαλό μου δεχόταν επίθεση από την εικόνα <style=red>εκείνου του νησιού</style>.
<page>Το αίσθημα ήταν τόσο δυνατό που μου ήρθε εμετός. Υπάρχει τρόπος να εξουδετερωθεί η μετάδοση; Ίσως κάποιο <style=red>ανατροφοδοτούμενο κύκλωμα της συχνότητας</style> του σήματος ελέγχου της...;"
RES_Kolibri_Note,"<title>Το σημείωμα της Kolibri</title>
Να προσέχετε τον Adler. Κάτι μας κρύβει.
Δεν υπήρχε τίποτα στο ημερολόγιό του, αλλά όταν έψαξα το μυαλό του, βρήκα αναμνήσεις από μια μονάδα LSTR που δούλευε στη Sierpinski.
Δεν υπάρχει καμία καταγραφή ότι αυτό το μοντέλο Replika υπηρέτησε ποτέ εδώ.
Είχε εξεταστεί για λίγο μια παραγγελία για μία μονάδα για κάποια δουλειά μετρήσεων στο ορυχείο, αλλά δεν έγιναν νέες παραγγελίες λόγω της αρρώστιας της Διοικήτριας. "
RES_Lighting,"<title>Υπόμνημα: Βλάβες φωτισμού</title>
Προς: Προσωπικό υπηρεσιών
Από: ARAR-S2316

Λόγω ενός πρόσφατου ~περιστατικού~ με κάποια Star που δε θα κατονομάσω, ρύθμισα όλες τις πόρτες να ανοίγουν μόνο με ορατό φως.
<page>Ελπίζω έτσι να σταματήσει το προσωπικό που δεν ανήκει στις υπηρεσίες να βάζει τον εαυτό του σε κίνδυνο μπαίνοντας σε σκοτεινά δωμάτια, μέχρι να λύσουμε τα προβλήματα φωτισμού.

Αν σας έχει ανατεθεί επισκευή φωτισμού,
θυμηθείτε να εξοπλιστείτε με <style=red>ενότητα φακού</color> για να σας αφήσουν να μπείτε οι αισθητήρες των πορτών.
<page>Ζητήστε από τον Adler από πριν αν χρειάζεστε!
Αυτές τις μέρες είναι συνήθως στο δωμάτιό του στον 8ο όροφο.
- Sechzehn"
RES_MusicHater,"<title>Θυμωμένο σημείωμα</title>
Επίσημα έχω βαρεθεί τις Eule δίπλα. Ακούνε εκείνο το ηλίθιο τραγούδι συνέχεια από τότε που κλείδωσε το <style=red>δωμάτιο με το πιάνο</style>. Αν το ακούσω άλλη μια φορά, θα πάω εκεί και θα κάνω κομμάτια εκείνο το ηλίθιο κασετόφωνο.
<page>Αναρωτιέμαι αν μπορούμε να «δανειστούμε» ένα κλειδί για να μπούμε στον κοιτώνα τους και να τελειώσει αυτή η τρέλα; Δε με νοιάζει αν σπάσω την καραντίνα, αρκεί να μην ξανακούσω ποτέ αυτό το τραγούδι."
RES_Poster_Buyan,"<title>Buyan</title>


<align=center>Το Buyan θα καεί!</align>"
RES_Poster_Heimat,"<title>Heimat</title>


<align=center>Heimat, η καρδιά της Επανάστασης</align>"
RES_Poster_Kitezh,"<title>Kitezh</title>


<align=center>Το Kitezh περιμένει την απελευθέρωση!</align>"
RES_Poster_Rotfront,"<title>Rotfront</title>


<align=center>Ελπίδα για το μέλλον: Rotfront</align>"
RES_Poster_Vineta,"<title>Vineta</title>


<align=center>Λίκνο της ανθρωπότητας: Vineta</align>"
RES_Report_ADLR,"<title>Επισκόπηση Replika: ADLR</title>
<style=red>Administration-, Datenverarbeitung-, Logistik-Replika</style>
- 'Adler' -
(Replika Διοίκησης, Επεξεργασίας Δεδομένων, Εφοδιασμού 'Αετός')
Τύπος: Ειδικός ανώτατης διοίκησης 5ης γενιάς
Σώμα: Βιο-μηχανικό με περίβλημα πολυαιθυλενίου και σκελετό τιτανίου
Ύψος: 175 cm
<page>Αναπόσπαστο μέρος κάθε Protektor Führungskommando είναι η μονάδα του Διαχειριστή.
Μία μόνο μονάδα ADLR μπορεί να διαχειρίζεται και να επιβλέπει όλες τις διοικητικές εργασίες μιας ολόκληρης εγκατάστασης, ώστε οι άλλες μονάδες της Επιχειρησιακής Διοίκησης να ασχολούνται με τον άμεσο έλεγχο των μονάδων Protektor.
Ο Adler είναι σχεδιασμένος να λειτουργεί ως άμεσο αντίστοιχο της μονάδας Falke, ως υπασπιστής της, φροντίζοντας τα απαραίτητα χαρτιά και τους υπολογισμούς."
RES_Report_ARAR,"<title>Επισκόπηση Replika: ARAR</title>
<style=red>Allzweck-Reparatur-Arbeiter Replika</style>
- 'Ara' -
(Replika επισκευών γενικής χρήσης 'Αρα')
Τύπος: Χαμηλού κόστους γενικής χρήσης 2ης γενιάς
Σώμα: Βιο-μηχανικό με περίβλημα πολυαιθυλενίου ενισχυμένο με τιτάνιο
Ύψος: 185 cm
<page>Οι σκληρές «εργάτριες μέλισσες» των κατασκευών και των επισκευών.
Ένα από τα πρώτα σχέδια Replika, οι απλές αλλά αποδοτικές Ara είναι στην πραγματικότητα ο τύπος Replika που έχει παραχθεί περισσότερο μέχρι σήμερα. Αυτές οι δυνατές και βαριές μονάδες εργασίας είναι ιδανικές για δουλειά στις κατασκευές και στην παραγωγή βιομηχανικών προϊόντων. Σε πολλά μέρη του Έθνους μας, οι Ara έχουν ήδη αντικαταστήσει όλους τους Gestalt εργάτες σε τομείς όπως το Klimaforming και η εξουδετέρωση εκρηκτικών."
RES_Report_EULR,"<title>Επισκόπηση Replika: EULR</title>
<style=red>Einfache Universelle Leichte Replika</style>
- 'Eule' -
(Απλή γενική Replika ελαφριάς χρήσης 'Κουκουβάγια')
Τύπος: Χαμηλού κόστους γενικής χρήσης 4ης γενιάς
Σώμα: Βιο-μηχανικό με περίβλημα πολυαιθυλενίου
Ύψος: 175 cm
<page>Οι μονάδες EULR είναι η ραχοκοκαλιά του εργατικού δυναμικού του Έθνους Eusan.
Αυτές οι κομψές μονάδες πολλαπλών χρήσεων είναι κατάλληλες για κάθε είδους δουλειά του σπιτιού, όπως καθάρισμα, μαγείρεμα και απλή ιατρική ή γραφειακή δουλειά. Οι Eule είναι πολύ κοινωνικές και τα πάνε καλά μεταξύ τους, αλλά και με τα περισσότερα άλλα μοντέλα Replika.
Δεν είναι κατάλληλες για μάχη, αλλά το ελαφρύ σώμα τους τις κάνει ιδανικές για μακρινές εγκαταστάσεις με λίγα εφόδια."
RES_Report_FKLR,"<title>Επισκόπηση Replika: FKLR</title>
<style=red>Führungskommando-Leiteinheit-Replika</style>
- 'Falke' -
(Replika μονάδα ελέγχου επιχειρησιακής διοίκησης 'Γεράκι')
Τύπος: Μονάδα διοίκησης βιοσυντονισμού υψηλής τεχνολογίας 6ης γενιάς
Σώμα: Βιο-μηχανικό με περίβλημα πολυαιθυλενίου και αλεξίσφαιρη θωράκιση
Ύψος: 250 cm
<page><align=center>- <style=red>ΑΠΟΡΡΗΤΕΣ ΠΛΗΡΟΦΟΡΙΕΣ</style> - Μόνο για τη Διοίκηση -</align>
Η Διοικήτρια του Protektor Führungskommando, η επικεφαλής της δύναμης Protektor σε κάθε εγκατάσταση της AEON, είναι μια ισχυρή πρωτότυπη μονάδα Falke με βιοσυντονισμό. Μια εξουσία που δεν αμφισβητείται ποτέ, η μονάδα Falke δεν είναι μόνο διοικήτρια των Protektor, αλλά σχεδόν θεϊκή ύπαρξη. Αυτή την εικόνα την ενισχύουν το ψηλό της ανάστημα και η ομοιότητά της με τις Ηγέτιδες του Έθνους μας, τη Μεγάλη Επαναστάτρια και την Κόρη της.
<page>Τη βοηθάει επίσης η ισχυρή πρωτότυπη Ενότητα Βιοσυντονισμού της, που όχι μόνο της επιτρέπει να λυγίζει τη θέληση των πιο αδύναμων μυαλών και να καταλαβαίνει τις προθέσεις και τα συναισθήματά τους, αλλά της δίνει και την ικανότητα να κινεί αντικείμενα από απόσταση. "
RES_Report_KLBR,"<title>Επισκόπηση Replika: KLBR</title>
<style=red>Kommando-Leiteinheit Bioresonanztechnik-Replika</style>
- 'Kolibri' -
(Replika μονάδα ελέγχου διοίκησης με τεχνολογία βιοσυντονισμού 'Κολιμπρί')
Τύπος: Ειδικός βιοσυντονισμού υψηλής τεχνολογίας 6ης γενιάς
Σώμα: Βιο-μηχανικό με περίβλημα πολυαιθυλενίου και αλεξίσφαιρη θωράκιση
Ύψος: 152 cm
<page><align=center>- <style=red>ΑΠΟΡΡΗΤΕΣ ΠΛΗΡΟΦΟΡΙΕΣ</style> - Μόνο για τη Διοίκηση -</align>
Θαύμα της σύγχρονης τεχνολογίας, η Kolibri είναι η πιο ικανή μονάδα βιοσυντονισμού που φτιάχτηκε ποτέ.
Τη μονάδα Falke κάθε Protektor Führungskommando τη βοηθάει μια ομάδα από υπασπίστριες KLBR, που μπορούν να ενισχύουν τα σήματα βιοσυντονισμού της, αλλά και να παράγουν δικά τους.
Παρά το μικρό τους μέγεθος, οι Kolibri είναι από τις πιο αποτελεσματικές μονάδες Protektor.
<page>Μπορούν να επηρεάζουν άμεσα το μυαλό των Replika και των Gestalt, να αποσπούν πληροφορίες χωρίς λόγια και να επικοινωνούν μεταξύ τους αμέσως με όλο το εύρος των αισθήσεων. Ο βιοσυντονισμός των Kolibri είναι το πιο κοντινό σε ένα αληθινό «συλλογικό μυαλό». "
RES_Report_LSTR,"<title>Επισκόπηση Replika: LSTR</title>
<style=red>Landvermessungs-/Schiff-Techniker Replika</style>
- 'Elster' -
(Replika τοπογράφος/τεχνικός σκάφους 'Κίσσα')
Τύπος: Ειδικός Kosmo-Pioneer 5ης γενιάς
Σώμα: Βιο-μηχανικό με περίβλημα πολυαιθυλενίου ενισχυμένο με ανθρακονήματα
και σκελετό τιτανίου
Ύψος: 178 cm
<page>Πολυμήχανη μονάδα μηχανικού μάχης, σχεδιασμένη κυρίως για υπηρεσία σε τροχιά.
Αυτές οι σκληρές και ψύχραιμες μοναχικές μονάδες είναι πιο κατάλληλες ως ειδικοί σκαπανείς και ανιχνευτές. Οι τεχνικές γνώσεις και οι ικανότητες μάχης τους τις κάνουν αληθινές επιζήσασες, ειδικά με τη γνωστή άσπρη-μπλε βαριά διαμόρφωση μάχης, με αλεξίσφαιρη θωράκιση στο στήθος και στους πήχεις.
Επειδή το αρχικό νευρικό πρότυπο αυτής της μονάδας χάθηκε όταν καταστράφηκε το κεντρικό Νευρικό Αρχείο στη Vineta, οι νέες μονάδες LSTR παράγονται με βάση μια αποσυρμένη μονάδα από το Πρόγραμμα Penrose."
RES_Report_MNHR,"<title>Επισκόπηση Replika: MNHR</title>
<style=red>Minenarbeit-, Nukleartechnik-, Hochsicherheits-Replika</style>
- 'Mynah' -
(Replika εξόρυξης, πυρηνικής τεχνολογίας, υψηλής ασφάλειας 'Μάινα')
Τύπος: Βιομηχανικός ειδικός 3ης γενιάς
Σώμα: Βιο-μηχανικό με θωρακισμένο σερβο-περίβλημα υψηλής ασφάλειας
Ύψος: 260 cm
<page>Όταν πρόκειται για επικίνδυνα φορτία, βαριά μηχανήματα και επικίνδυνα περιβάλλοντα, κανένα άλλο μοντέλο δε συγκρίνεται με τις μονάδες MNHR και τα θωρακισμένα σώματα υψηλής ασφάλειας. Ακόμα και σε θανατηφόρα ακτινοβολία, κάτω από συντριπτική πίεση και σε μηδενική βαρύτητα, μένουν ήρεμες και δουλεύουν υποδειγματικά σε ομάδα. Παρά τα τεράστια σώματά τους, κάτω από τις ασπίδες προσώπου έχουν μια κανονική κρανιακή κατασκευή 3ης γενιάς, οπότε η συντήρηση και η κοινωνική επαφή είναι τόσο εύκολες όσο με οποιοδήποτε άλλο μοντέλο Replika.
<page>Σημειώστε ότι το νευρικό πρότυπο MNHR δεν είναι κατάλληλο για μάχη. Για μάχη πρέπει να χρησιμοποιείται η παραλλαγή SAPR, που έχει Περσόνα ικανή για μάχη στο ίδιο Σώμα. Για περισσότερες πληροφορίες, δείτε [Schwere Anti-Panzer Replika 'Schnäpper']."
RES_Report_STAR,"<title>Επισκόπηση Replika: STAR</title>
<style=red>Sicherheitstechniker-Aufseher-Replika</style>
- 'Star' -
(Replika φρουρός, τεχνικός ασφαλείας 'Ψαρόνι')
Τύπος: Μονάδα μάχης χαμηλού κόστους 4ης γενιάς
Σώμα: Βιο-μηχανικό με περίβλημα πολυαιθυλενίου και αλεξίσφαιρη θωράκιση
Ύψος: 220 cm
<page>Το βασικό μοντέλο των «Τεχνικών Ασφαλείας» Protektor.
Με μακριά πόδια, οι μονάδες STAR στέκονται κομψά πολύ πιο ψηλά από τους περισσότερους Gestalt. Παρά τη βαριά θωράκισή τους, κινούνται γρήγορα με τον μακρύ τους διασκελισμό.
Η ψυχρή και αποστασιοποιημένη συμπεριφορά τους τις βοηθάει να αναλύουν τις καταστάσεις αντικειμενικά και να χρησιμοποιούν βία όταν χρειάζεται. Είναι εκπαιδευμένες στη μάχη σώμα με σώμα και στον έλεγχο ταραχών, και δουλεύουν καλύτερα σε μικρές ομάδες με επικεφαλής μια αξιωματικό STAR με βαλλιστική ασπίδα."
RES_Report_STCR,"<title>Επισκόπηση Replika: STCR</title>
<style=red>Sicherheitstechniker-Controller-Replika</style>
- 'Storch' -
(Replika ελεγκτής, τεχνικός ασφαλείας 'Πελαργός')
Τύπος: Μονάδα επικεφαλής μάχης 5ης γενιάς
Σώμα: Βιο-μηχανικό με περίβλημα πολυαιθυλενίου και αλεξίσφαιρη θωράκιση
Ύψος: 240 cm
<page>Κάθε ομάδα Τεχνικών Ασφαλείας Protektor την επιβλέπει μια μονάδα Controller, και η πιο συνηθισμένη είναι ο τύπος STCR «Πελαργός». Είναι από τα πιο ψηλά μοντέλα Replika χάρη στα μακριά τους πόδια, και οι Storch κυριολεκτικά και μεταφορικά βλέπουν πάντα κάθε κατάσταση από ψηλά, έτοιμες να καθοδηγήσουν και να συντονίσουν τις Τεχνικούς Ασφαλείας τους.
Η σκληρή, αυστηρή συμπεριφορά τους, που μερικές φορές περιγράφεται ως βάναυση ή και σκληρή, τις κάνει ιδανικές ως αταλάντευτες φρουρούς της τάξης."
RES_Report_KnownA,"<title>Γνωστά προβλήματα Replika, Μέρος I</title>
<align=center>- <style=red>ΑΠΟΡΡΗΤΕΣ ΠΛΗΡΟΦΟΡΙΕΣ</style> - Μόνο για τη Διοίκηση -</align>
Η προηγούμενη εμπειρία με αυτά τα μοντέλα Replika μάς έδειξε ανωμαλίες στη συμπεριφορά τους που προέρχονται από τα αρχικά νευρικά πρότυπα αυτών των μονάδων. Επειδή αυτές οι πληροφορίες είναι ευαίσθητες, αυτό το έγγραφο πρέπει να καταστραφεί μετά την ανάγνωση.
<page>EULR
Οι Eule τείνουν να κάνουν μεγάλες ομάδες και τους αρέσει να τραγουδούν και να χορεύουν, γιατί το αρχικό νευρικό πρότυπο αυτής της μονάδας ήταν μια μπαλαρίνα. Η υποβάθμιση της Περσόνας σε αυτή τη μονάδα αποφεύγεται εύκολα, αν έχουν πρόσβαση σε μουσική (κασετόφωνα ή μουσικά όργανα). Να βάζετε πάντα τουλάχιστον έναν καθρέφτη στους κοιτώνες των Eule, γιατί νιώθουν έντονη ανάγκη να κοιτάζουν την εμφάνισή τους τακτικά. Η Περσόνα των Eule σταθεροποιείται όταν η εμφάνισή τους είναι περιποιημένη και όταν έχουν τακτική κοινωνική επαφή. Οι Eule συχνά οργανώνονται σε ομάδες των δέκα περίπου μονάδων και δίνουν η μία στην άλλη θεματικά παρατσούκλια.
<page>ARAR
Μπορεί να μοιάζουν με ήσυχες απλοϊκές, αλλά μην υποτιμάτε τις Ara. Μπορεί να μην το δείχνουν, αλλά κρίνουν αυστηρά όσους είναι αγενείς ή κακοί και μοιράζονται σιωπηλά αυτή την κρίση με όλη την ομάδα τους. Οι Ara τα πάνε καλύτερα με τις Eule, που συνήθως είναι υπομονετικές και φιλικές, και έχουν ταλέντο να διαβάζουν τα ανέκφραστα πρόσωπα των Ara.
Σε πολλές εγκαταστάσεις, οι Ara φτιάχνουν τούνελ υπηρεσιών που μόνο αυτές έχουν πρόσβαση, συχνά κάτω από πατώματα και μέσα σε τοίχους. Ασταθείς μονάδες μπορεί να κρυφτούν σε αυτά τα τούνελ. Δεν προτείνεται να προσπαθήσετε να τις φέρετε πίσω.
Η Περσόνα των Ara σταθεροποιείται καλύτερα αν έχουν φυτά να φροντίζουν, ιδανικά πολύχρωμα λουλούδια ή δέντρα."
RES_Report_KnownB,"<title>Γνωστά προβλήματα Replika, Μέρος II</title>
<align=center>- <style=red>ΑΠΟΡΡΗΤΕΣ ΠΛΗΡΟΦΟΡΙΕΣ</style> - Μόνο για τη Διοίκηση -</align>
Η προηγούμενη εμπειρία με αυτά τα μοντέλα Replika μάς έδειξε ανωμαλίες στη συμπεριφορά τους που προέρχονται από τα αρχικά νευρικά πρότυπα αυτών των μονάδων. Επειδή αυτές οι πληροφορίες είναι ευαίσθητες, αυτό το έγγραφο πρέπει να καταστραφεί μετά την ανάγνωση.
<page>STAR
Παρά τη συνήθως χαλαρή συμπεριφορά τους, οι Star έχουν αυστηρή εσωτερική ιεραρχία, που πρέπει να λαμβάνεται υπόψη όταν προάγονται μονάδες σε αξιωματικούς. Αν δεν προαχθεί μια μονάδα που σέβονται ή αν προαχθεί μια μονάδα χαμηλής θέσης, μπορεί να δημιουργηθούν τριβές στους κοιτώνες. Οι Star καμιά φορά φτιάχνουν δικούς τους κανόνες ομάδας με σωματικές τιμωρίες. Προτείνεται να επιτρέπεται σε κάποιες αξιωματικούς να έχουν στρατιωτικά όπλα ως Αντικείμενα-Φετίχ για τη σταθεροποίηση της Περσόνας τους.
<page>STCR
Οι μονάδες Storch στην αρχή θυμώνουν εύκολα. Είναι πολύ σημαντικό να εκπαιδευτούν στην υπομονή νωρίς μετά την ενεργοποίησή τους, γιατί το νευρικό τους πρότυπο είναι λιγότερο σταθερό από άλλα μοντέλα. Αν δε γίνει αυτό, μπορεί να αποκτήσουν πολύ ασταθή προσωπικότητα με τάση για σκληρότητα και βία. Μια συνηθισμένη λύση είναι να συνεργάζονται στενά με μια μεγαλύτερη μονάδα Star. Η Περσόνα των Storch σταθεροποιείται με ντους ή μπάνιο. Βιβλία ιστορίας ή μυθολογίας είναι καλά Αντικείμενα-Φετίχ."
RES_Report_KnownC,"<title>Γνωστά προβλήματα Replika, Μέρος III</title>
<align=center>- <style=red>ΑΠΟΡΡΗΤΕΣ ΠΛΗΡΟΦΟΡΙΕΣ</style> - Μόνο για τη Διοίκηση -</align>
Η προηγούμενη εμπειρία με αυτά τα μοντέλα Replika μάς έδειξε ανωμαλίες στη συμπεριφορά τους που προέρχονται από τα αρχικά νευρικά πρότυπα αυτών των μονάδων. Επειδή αυτές οι πληροφορίες είναι ευαίσθητες, αυτό το έγγραφο πρέπει να καταστραφεί μετά την ανάγνωση.
<page>MNHR
Αυτό το νευρικό πρότυπο είναι πολύ σταθερό. Χρειάζονται λίγα για να είναι ευχαριστημένες οι Mynah. Τα πάνε καλά με τα περισσότερα άλλα μοντέλα χάρη στην άλλοτε υποτακτική, άλλοτε μητρική προσωπικότητά τους. Σε αντίθεση με άλλα μοντέλα, το ημερολόγιο δεν είναι υποχρεωτικό για τη σταθεροποίηση της Περσόνας. Μπορούν να τους δοθούν μικρά λούτρινα ζωάκια ως Αντικείμενα-Φετίχ, αλλά πρέπει να αποφεύγονται όσα μοιάζουν με γάτες, γιατί μπορεί να ξυπνήσουν αναμνήσεις του Gestalt.
<page>ADLR
Οι μονάδες Adler δουλεύουν καλύτερα όταν τις αφήνουν μόνες. Δεν τα πάνε καλά με τον ίδιο τους τον τύπο. Συνήθως γίνονται πολύ συναισθηματικά εξαρτημένες από τη Διοικήτριά τους. Οι Adler επηρεάζονται πολύ εύκολα από την υποβολή μέσω βιοσυντονισμού, και γι' αυτό ελέγχονται σχετικά εύκολα. Όμως βαριούνται πολύ εύκολα και μπορεί να χρειάζονται νέα Αντικείμενα-Φετίχ τακτικά για τη σταθεροποίησή τους."
RES_Report_KnownD,"<title>Γνωστά προβλήματα Replika, Μέρος IV</title>
<align=center>- <style=red>ΑΠΟΡΡΗΤΕΣ ΠΛΗΡΟΦΟΡΙΕΣ</style> - Μόνο για τη Διοίκηση -</align>
Η προηγούμενη εμπειρία με αυτό το μοντέλο Replika μάς έδειξε ανωμαλίες στη συμπεριφορά του που προέρχονται από το αρχικό νευρικό πρότυπο αυτής της μονάδας. Επειδή αυτές οι πληροφορίες είναι ευαίσθητες, αυτό το έγγραφο πρέπει να καταστραφεί μετά την ανάγνωση.
<page>KLBR
Οι Kolibri χρειάζονται μεγάλη προσοχή - τα νευρικά τους πρότυπα είναι πολύ ασταθή και η Ενότητα Βιοσυντονισμού τους τις κάνει πολύ ευάλωτες στην επιρροή των άλλων. Όπως τα περισσότερα άτομα με βιοσυντονισμό, οι Kolibri συχνά δημιουργούν ασυνείδητα έναν συναισθηματικό κύκλο ανατροφοδότησης: μιμούνται και μετά εκπέμπουν τα συναισθήματα όσων είναι γύρω τους, σαν ένα είδος ενισχυτή.
<page>Είναι εκπαιδευμένες να αναγνωρίζουν και να σταματούν αυτή τη συμπεριφορά, αλλά μονάδες που είναι ήδη ασταθείς μπορεί καμιά φορά να καταλήξουν σε υποβάθμιση της Περσόνας.
Λόγω της σύνδεσης βιοσυντονισμού, η εξέλιξη του νευρικού προτύπου στις Kolibri διαφέρει λιγότερο από ό,τι σε άλλα μοντέλα. Η συνεχής ανταλλαγή αναμνήσεων και συναισθημάτων ανάμεσα στις μονάδες μιας ομάδας λειτουργεί σαν «δίχτυ ασφαλείας» που μαλακώνει τις ακραίες αλλαγές.
<page>Όμως, μόλις οι περισσότερες μονάδες μιας ομάδας υποβαθμιστούν, παρασύρουν μαζί τους και τις υπόλοιπες. Γι' αυτό, είναι σημαντικό οι μονάδες Kolibri να αποσύρονται αμέσως μόλις αρχίσουν να υποβαθμίζονται. Για τη σταθεροποίηση της Περσόνας, οι Kolibri πρέπει να έχουν πρόσβαση σε μια
καλά εφοδιασμένη βιβλιοθήκη."
MEM_Replika_Known_Elster,"<title>Γνωστά προβλήματα Replika, Πρόγραμμα Penrose</title>
<align=center>- <style=red>ΑΠΟΡΡΗΤΕΣ ΠΛΗΡΟΦΟΡΙΕΣ</style> - Μόνο για Gestalt αξιωματικούς -</align>
Η προηγούμενη εμπειρία με αυτό το μοντέλο Replika μάς έδειξε ανωμαλίες στη συμπεριφορά του που προέρχονται από το αρχικό νευρικό πρότυπο αυτής της μονάδας. Επειδή αυτές οι πληροφορίες είναι ευαίσθητες, αυτό το έγγραφο πρέπει να καταστραφεί μετά την ανάγνωση.
<page>LSTR
Οι μονάδες Elster επιλέχθηκαν για το Πρόγραμμα Penrose επειδή προσαρμόζονται εύκολα και είναι αξιόπιστες σε συνθήκες μακροχρόνιας απομόνωσης.
Ψύχραιμες και συγκρατημένες, οι μονάδες Elster έχουν σχετικά σταθερό νευρικό πρότυπο. Είναι καλύτερα να την αφήνετε ήσυχη και να μιλάτε με τη μονάδα Elster όσο λιγότερο γίνεται.
Το νευρικό πρότυπο των Elster ήταν μια στρατιώτισσα από τη Vineta, οπότε οι ανάγκες τους είναι βασικές. Μη μιλάτε με τη μονάδα Elster για τον πόλεμο.
<page>Τα σκάφη Penrose έχουν μια ειδική κάψουλα βαθμονόμησης που μπορεί να βοηθήσει στη σταθεροποίηση της Περσόνας.
Για να μην ξυπνήσουν αναμνήσεις του Gestalt, μη δείχνετε και μη δίνετε στη μονάδα Elster φωτογραφίες, ειδικά στρατιωτών στον πόλεμο. Μη δείχνετε στη μονάδα Elster ταινίες και μην την αφήνετε να ακούει μουσική. Μην προσπαθήσετε να γίνετε φίλοι με τη μονάδα Elster."
ROT_Bioresonance_God,"<title>Το τραγούδι των θεών</title>
<align=center>- <style=red>ΑΠΑΓΟΡΕΥΜΕΝΟ</style> -</align>
Η κατοχή και η διανομή αυτής της έκδοσης απαγορεύεται και τιμωρείται σύμφωνα με τον 4ο Νόμο Πολιτιστικής Προστασίας.
<page>Υπάρχει μια σύνδεση ανάμεσα σε όλους μας, που λίγοι την καταλαβαίνουν πλήρως. Ένα τραγούδι που όλοι χορεύουμε, αλλά λίγοι μπορούν να ακούσουν.
Αυτή η βαθιά δόνηση του σύμπαντος δεν ακούγεται και δε νιώθεται απλώς. Όλοι πάλλονται σε αρμονία μαζί της, τη διαμορφώνουν και την παραμορφώνουν γύρω τους.
<page>Οι λίγοι που μπορούν να την αντιληφθούν συνειδητά συχνά τη φοβούνται. Ο ήχος των αστεριών είναι πολύ καταπιεστικός, και ο θόρυβος όσων δεν καταλαβαίνουν γύρω τους πολύ ενοχλητικός, γιατί λερώνουν το τραγούδι με τα άστατα συναισθήματά τους.
Αλλά κάθε τόσο, γεννιούνται κάποιοι που όχι μόνο ακούν και παίζουν αυτή τη μουσική των κόσμων, αλλά μπορούν και να τη διευθύνουν. Χαρισματικά άτομα που μπορούν να χειραγωγούν την ουσία του κόσμου γύρω τους.
<page>Πολλοί πιστεύουν ότι η Μεγάλη Αυτοκράτειρα είναι μια τέτοια ύπαρξη. Η τεράστια θέλησή της λύγισε την ανθρωπότητα και την έκανε Αυτοκρατορία της Eusan, και μας ανέβασε στα αστέρια. Ήταν η δύναμή της που έδωσε ζωή στους πρώτους μηχανικούς υπηρέτες, που τώρα κουβαλούν το βάρος της Αυτοκρατορίας στις πλάτες τους από ανθρακοχάλυβα."
ROT_Bioresonance_Tech,"<title>Η τεχνολογία βιοσυντονισμού και τα όριά της</title>
<align=center>- <style=red>ΑΠΟΡΡΗΤΟ</style> -</align>
Καμία άλλη τεχνολογία δεν έχει διαμορφώσει το Έθνος μας όσο ο Βιοσυντονισμός.
Θα είχαμε καταφέρει ποτέ να ελευθερωθούμε από τη μέγγενη της Αυτοκρατορίας χωρίς τη βοήθεια των Replika;
Βασικές τεχνολογίες όπως το Klimaforming και η Τεχνητή Βαρύτητα θα ήταν αδύνατες χωρίς την Τεχνολογία Βιοσυντονισμού.
<page>Παρ' όλα αυτά, φαίνεται ότι κάναμε ελάχιστη προσπάθεια να καταλάβουμε πραγματικά ή να αναπαράγουμε τα φαινόμενα βιοσυντονισμού με συμβατική τεχνολογία. Η πρόοδός μας στα ηλεκτρονικά και στους μικροεπεξεργαστές έχει σταματήσει εδώ και σχεδόν έναν αιώνα, γιατί ασχολούμαστε μόνο με νέους τρόπους να εκμεταλλευτούμε αυτό το φαινόμενο που μόλις και μετά βίας καταλαβαίνουμε.
<page>Πάρτε για παράδειγμα την παραγωγή Replika: Η διαδικασία αντιγραφής ενός νευρικού προτύπου από έναν Gestalt δότη σε έναν εγκέφαλο Replika ακόμα δεν είναι πλήρως κατανοητή. Πώς συμβαίνει η Συγχρονικότητα; Γιατί το αντίγραφο είναι ατελές; Τι γίνεται με τα πρότυπα που υπήρχαν ήδη στον εγκέφαλο που τα δέχεται;
<page>Ίσως είμαστε πολύ μακριά από το να φτιάξουμε μια Replika μόνο με μικροεπεξεργαστές και ψηφιακό προγραμματισμό, αλλά πιστεύω ότι έχουμε γίνει υπερβολικά εξαρτημένοι από μια τεχνολογία που ελάχιστα καταλαβαίνουμε και που την ελέγχουν μόνο λίγα χαρισματικά άτομα. Ίσως δεν αργήσουμε να γυρίσουμε εκεί που ήμασταν επί Αυτοκρατορίας."
ROT_ButterflyHint,"<title>Το Κόκκινο Μάτι</title>
Σε πολλούς τομείς του Rotfront υπάρχει μια παράξενη λαϊκή ιδέα, που σχετίζεται με την «παρειδωλία», την τάση να βλέπουμε εικόνες με νόημα σε τυχαία σχέδια (όπως να βλέπεις ένα πρόσωπο σε μια μουτζούρα από μελάνι ή γράμματα σε μια βρομιά).
Είναι γνωστό ότι το λεγόμενο «κόκκινο μάτι» είναι απλώς μια αντικυκλωνική καταιγίδα που δημιουργείται από μια περιοχή υψηλής πίεσης στην ατμόσφαιρα του πλανήτη του Rotfront.
<page>Όμως για κάποιους από τους πρώτους εποίκους του Rotfront, αυτό το φυσικό φαινόμενο έγινε σύμβολο του αγώνα και του τρόπου ζωής τους. Εκείνη η κόκκινη κηλίδα στον ουρανό έγινε τέλεια μεταφορά για τη συνεχή παρακολούθηση από τους Protektor και τον σφιχτό έλεγχο της κεντρικής κυβέρνησης στο Heimat. Ακόμα και σήμερα, η ιδέα ενός ματιού που δεν ανοιγοκλείνει ποτέ και παρακολουθεί κάθε κίνησή τους αγγίζει έντονα τους ανθρώπους εδώ.
<page>Στη γιορτή του Mondfest στο τέλος κάθε Εποχής, οι ενήλικες πολίτες καμιά φορά δίνουν στους μαθητές Rationmark βουτηγμένα σε κόκκινη μπογιά. Επίσημα, λένε ότι η κόκκινη μπογιά συμβολίζει το αίμα όσων πέθαναν στην επανάσταση - αλλά τα κόκκινα νομίσματα μοιάζουν ανατριχιαστικά με εκείνο το κόκκινο μάτι - Ή μήπως είναι κι αυτό «παρειδωλία»;
<page>Αν ποτέ πάρετε ένα από αυτά τα Rationmark «κόκκινο μάτι», θυμηθείτε να καθαρίσετε την μπογιά με ασετόν ή κάποιο παρόμοιο διαλυτικό. Λένε ότι φέρνει κακή τύχη να ξοδέψεις ή να ξαναχαρίσεις νομίσματα με μπογιά."
ROT_Mondfest,"<title>Ακυρώνονται οι γιορτές του Mondfest για λόγους ασφαλείας</title>
Η εποχική γιορτή του Mondfest, μια νέα αλλά καθιερωμένη παράδοση στους περισσότερους τομείς του Rotfront, δε θα επιτραπεί μέχρι νεωτέρας, ανακοίνωσε σήμερα το Δημόσιο Γραφείο Protektor.
<page>«Υπάρχει σοβαρή απειλή για τη δημόσια ασφάλεια, που ερευνάται αυτή τη στιγμή από τους Protektor. Οι πολίτες να βγαίνουν από το σπίτι μόνο για δουλειά και να αναφέρουν κάθε ύποπτη δραστηριότητα στον Blockwart τους.»
<page>Όταν ρωτήθηκε επίμονα για τις φήμες ότι ζει ένας αυτοκρατορικός κατάσκοπος στον Sektor C, το Δημόσιο Γραφείο Protektor απλώς επανέλαβε την έκκλησή του στους πολίτες να αναφέρουν κάθε ύποπτη δραστηριότητα σε έναν Protektor."
ROT_Emails,"<title>Εισερχόμενα μηνύματα</title>
Από: AEON Kommando
Θέμα: {0}
{1}<page>^
Από: yeong-foto
Θέμα: {2}
{3}<page>^
Από: KNCR-R16-22
Θέμα: {4}
{5}<page>^
Από: AEON Kommando
Θέμα: {6}
{7}<page>^
Από: itou-buecher
Θέμα: {8}
{9}<page>^
Από: AEON Kommando
Θέμα: {10}
{11}"
ROT_MedicalFiles,"<title>Ιατρική βάση δεδομένων (αρχείο)</title>
{0}<page>^
{1}<page>^
{2}<page>^
{3}<page>^
{4}<page>^
{5}<page>^
{6}<page>^
{7}<page>^
{8}<page>^
{9}<page>^
{10}"
ROT_SoldierPhoto,"<title>Λαϊκός Στρατός, 5η Μεραρχία Πεζικού της Vineta, Μονάδα 12</title>
Fukuyama, Birgit
Huang, Anna
Itou, Lilith
Liang, Rebecca
Ng, Elise
Park, Notburga
Seo, Alina
Wong, Helena"
ROT_SunSpy,"<title>Φεύγω</title>
Με ανακάλυψαν. Είμαι σίγουρος ότι το κορίτσι με τα άσπρα μαλλιά που δουλεύει στο φωτογραφείο στον Sektor C έχει βιοσυντονισμό - να προσέχεις. Δε με πληρώνουν αρκετά για να ρισκάρω άλλο - αύριο φεύγω με το επόμενο πλοίο για το Kitezh. Βρες με στις αποβάθρες στον Sektor N αν θέλεις να την κάνεις κι εσύ.
-Sun"
ROT_TarotHint,"<title>Ημερολόγιο ονείρων</title>
6η νύχτα.
Ονειρεύτηκα ότι ήμουν αυτοκρατορικός αγρότης.
Αγκάλιαζα τον αγαπημένο μου στις κόκκινες ερήμους του Kitezh, όταν μας κατάπιε μια καταιγίδα,
και η άμμος μάς έτριψε μέχρι που δεν έμεινε τίποτα.
<page>^
13η νύχτα.
Ήμουν εργάτης στα ορυχεία του Leng, όταν με κατάπιε μια άμορφη μάζα από σάρκα,
και η σάρκα μου ενώθηκε με τη σάρκα πολλών άλλων, μέχρι που έμειναν μόνο τα κόκαλά μου.
Το μυαλό μου ενώθηκε με τη συλλογική σάρκα, που ζει και μετά τον θάνατο.
<page>^
16η νύχτα.
Καθώς μια καταιγίδα μαινόταν στον ουρανό, έπεσα από έναν ερειπωμένο ουρανοξύστη στη Vineta,
αλλά δεν έφτασα ποτέ στον ωκεανό από κάτω. Συνέχιζα να πέφτω, όταν ξαφνικά
ένας κεραυνός χτύπησε το κτίριο και ξύπνησα.
<page>^
18η νύχτα.
Επέπλεα στη θάλασσα χωρίς ήλιο κάτω από τον πάγο του Rotfront,
όταν είδα ένα μεγάλο πλάσμα να κινείται στο σκοτάδι από κάτω μου,
στον σκοτεινό πυρήνα του φεγγαριού.
<page>^
19η νύχτα.
Είδα ένα φλεγόμενο μάτι στον ουρανό πάνω από τα σύννεφα του Buyan.
Περπατούσα μέσα στο αιωρούμενο αυτοκρατορικό παλάτι,
όταν το βλέμμα της ίριδας που έμοιαζε με ήλιο έκανε το σώμα μου στάχτη."
ROT_WarNews,"<title>Εκατομμύρια πεινάνε καθώς συνεχίζεται ο αυτοκρατορικός αποκλεισμός</title>
Λόγω της συνεχιζόμενης διέλευσης του Kitezh, οι αποστολές μερίδων προς τη Vineta διακόπηκαν ξανά από τις αυτοκρατορικές δυνάμεις. Εκατομμύρια πολίτες της Eusan πρέπει να πεινάσουν για άλλον έναν μήνα, αφού αυτοκρατορικές φρεγάτες πυραύλων στην τροχιά του Kitezh έκαναν σοβαρή ζημιά σε μια ανθρωπιστική μας νηοπομπή που πήγαινε στη Vineta, και έτσι οι διπλωματικές προσπάθειες με την Αυτοκρατορία μπήκαν σε νέα κρίση.
<page>Η τροχιά του Kitezh θα συνεχίσει να κλείνει την ελεύθερη μετακίνηση ανάμεσα στη Vineta, το Rotfront και το Heimat για άλλες 8 εποχές, και αφήνει τα απελευθερωτικά μας στρατεύματα στη Vineta αποκομμένα στον έρημο κόσμο του ωκεανού με ελάχιστη υποστήριξη. Οι νηοπομπές θα συνεχίσουν να στέλνονται παρά τον αυτοκρατορικό αποκλεισμό. Μόνο με επιμονή μπορούμε να ξαναχτίσουμε ό,τι έμεινε από τη Vineta."
TUT_Combine,"<title>Λειτουργίες LSTR: Ενότητα Λογικής Επισκευών</title>
Οι Replika τύπου LSTR σαν εσένα υπηρετούν το μεγάλο μας Έθνος ως τεχνικοί στα σκάφη ανίχνευσης του Προγράμματος Penrose, και έχουν μια ειδική Ενότητα Λογικής Επισκευών (RLM), που τους επιτρέπει να επισκευάζουν γρήγορα και εύκολα τον εαυτό τους και σημαντικό εξοπλισμό της αποστολής.
<page>Πώς χρησιμοποιείτε την RLM
Ανοίξτε την οθόνη αντικειμένων πατώντας {3}.
Επιλέξτε το αντικείμενο για επισκευή με {7}.
Πατήστε {0} για να ανοίξετε το μενού ενεργειών.
Επιλέξτε 「ΣΥΝΔΥΑΣΜΟΣ」 για να μπείτε σε <style=red>λειτουργία συνδυασμού</style>.
<page>Στη λειτουργία συνδυασμού, επιλέξτε ένα δεύτερο αντικείμενο για επισκευή.
Πατήστε ξανά {0} για να συνδυάσετε τα δύο αντικείμενα.
Για να επισκευάσετε ζημιά στο σώμα της Replika, επιλέξτε ένα κατάλληλο αντικείμενο επισκευής και απλώς επιλέξτε 「ΧΡΗΣΗ」 από το μενού ενεργειών.
<page>Καμιά φορά βοηθάει να κοιτάξετε καλά ένα αντικείμενο από όλες τις πλευρές.
Επιλέξτε 「ΕΞΕΤΑΣΗ」 στο μενού ενεργειών για να μπείτε σε <style=red>λειτουργία εξέτασης</style>.
Στη λειτουργία εξέτασης, χρησιμοποιήστε {8} για να γυρίσετε το αντικείμενο και να το δείτε από όλες τις πλευρές."
TUT_Injector,"<title>REPLIKA-KLStim-N Soforthilfe 2.0 ml Φύλλο οδηγιών</title>
Φύλλο οδηγιών: Πληροφορίες για τον χρήστη
Διεγερτικό κυκλοφορικού Replika, υγρό ενέσιμο σε αυτόματη σύριγγα
Δραστικό συστατικό: Replika-Kreislaufstimulans N (99.9%)
ΠΡΟΣΟΧΗ: ΠΟΛΥ ΙΣΧΥΡΟ, ΜΟΝΟ ΓΙΑ REPLIKA
<page>- Τι είναι το REPLIKA-KLStim-N Άμεση Βοήθεια και πότε χρησιμοποιείται;
Το KLStim-N είναι στείρο διάλυμα σε στυλό αυτόματης σύριγγας για ένεση έκτακτης ανάγκης.
Το KLStim-N δρα αμέσως στο κυκλοφορικό σύστημα της Replika και αναπληρώνει την υγεία του συστήματος.
Το KLStim-N χρησιμοποιείται για να αποφευχθεί κρίσιμη βλάβη συστήματος σε Σώματα Replika 3ης γενιάς και μετά.
<page>- Πώς χρησιμοποιείται το REPLIKA-KLStim-N;
Η αυτόματη σύριγγα KLStim-N χρησιμοποιείται απευθείας από την οθόνη αντικειμένων.
Μπορείτε επίσης να εξοπλίσετε την αυτόματη σύριγγα στη θέση εργαλείου στην <style=red>οθόνη αντικειμένων</style>, για να τη χρησιμοποιείτε εν κινήσει. Για να τη χρησιμοποιήσετε εν κινήσει, κρατήστε πατημένο το {4} σε όλη τη διάρκεια της ένεσης.
Όταν είναι στη θέση εργαλείου, η αυτόματη σύριγγα ενεργοποιείται αυτόματα όταν το σύστημα της Replika πρόκειται να καταρρεύσει, αποτρέπει τη βλάβη και αναπληρώνει αμέσως ένα μέρος του συστήματος. Πάντα να ζητάτε ιατρική βοήθεια μετά από βλάβη συστήματος που αποφεύχθηκε."
TUT_Map,"<title>Έντυπο αίτησης επισκευής R-90</title>
Ημερομηνία υποβολής αίτησης: 84-21-3
Πλήρες ID Protektor της μονάδας που κάνει την αίτηση: EULR-S2303 (Replika)
Θέση: Προσωπικό        Τμήμα: Προσωπικό κουζίνας, καταλύματα εργατών
Αντικείμενο: Ενότητα χωρικής πλοήγησης EULR RKM-7
<page>Σημείωση: Η ενότητα χαρτογράφησής μου είναι ακόμα χαλασμένη και δε δείχνει κανένα χάρτη. Συνέχεια χάνομαι στον δρόμο για τη δουλειά και πίσω. Τον προηγούμενο κύκλο χρειάστηκε να κοιμηθώ σε έναν διάδρομο, γιατί δεν μπορούσα να βρω τον ανελκυστήρα του προσωπικού για να πάω στον κοιτώνα μου. Σας παρακαλώ, δεν μπορώ να βρω τον δρόμο μου εδώ χωρίς χάρτη! - März"
TUT_Pistol,"<title>Πιστόλι Τύπου-75: Εγχειρίδιο χρήσης</title>
Το πιστόλι Τύπου-75 είναι ημιαυτόματο πιστόλι με σύστημα βραχείας ανάκρουσης και κλειστό κλείστρο, για φυσίγγια 10x20mm.
Αυτό το αξιόπιστο, ευέλικτο πιστόλι είναι το βασικό όπλο του προσωπικού Controller των Protektor της AEON.
<page>Χρήστες Replika: Θυμηθείτε πρώτα να <style=red>εξοπλίσετε</style> το πιστόλι Τύπου-75 στην οθόνη αντικειμένων, για να οριστεί ως το κύριο όπλο σας για την ενότητα στόχευσης.
Για να χρησιμοποιήσετε το όπλο, κρατήστε πατημένο το {2} για να βγάλετε την ασφάλεια και να μπείτε σε λειτουργία στόχευσης. Σε λειτουργία στόχευσης, και το {1} και το {10} ρίχνουν με το όπλο. Το {5} ξεκινάει γέμισμα.
<page>Θυμηθείτε: Μη σπαταλάτε πυρομαχικά, γιατί είναι πόρος του Έθνους.
Όταν ένας στόχος πέσει, <style=red>προσπαθήστε να τον αποτελειώσετε</style> με κλωτσιές ή χτυπήματα με γκλομπ, για να γλιτώσετε πυρομαχικά."
TUT_Radio,"<title>Ενότητα ραδιοφωνικού δέκτη μακρών κυμάτων REM-64: Εγχειρίδιο χρήσης</title>
Η ενότητα ραδιοφωνικού δέκτη μακρών κυμάτων REM-64 επιτρέπει σε μια μονάδα Replika να λαμβάνει και να επεξεργάζεται απευθείας ραδιοφωνικές μεταδόσεις LF (χαμηλής συχνότητας) AM (διαμόρφωσης πλάτους) στο εύρος 50 έως 250 kilohertz.
Η ενότητα REM-64 εγκαθίσταται στην υποδοχή ενοτήτων πίσω από το αριστερό αυτί των Replika 5ης γενιάς.
<page>Για να χρησιμοποιήσετε την ενότητα, ανοίξτε την <style=red>οθόνη αντικειμένων</color> και πατήστε {6} για να ανοίξετε την <style=red>οθόνη υποσυστημάτων</color>. Η ενότητα δέκτη θα φαίνεται τέρμα αριστερά.
Για να ανοίξετε και να κλείσετε τον δέκτη, πατήστε {0}. Μπορείτε να ρυθμίσετε τη συχνότητα με {9}.
<page>Όταν ο δέκτης είναι ανοιχτός, η ένδειξη συχνότητας ανάβει κόκκινη και οι μπάρες του φασματογράμματος αρχίζουν να κινούνται.
Όταν πιάνετε σταθμό με σήμα υποφέρουσας, ανάβει η ένδειξη 「SIGNAL」.
Όταν πιάνετε σταθμό που εκπέμπει ροή δεδομένων, ανάβει η ένδειξη 「DATA」 και τα δεδομένα εμφανίζονται στο πεδίο μεταγραφής στο κάτω μέρος της οθόνης. "
TUT_RuleSave,"<title>Κρατάτε αρχεία!</title>
Καταγράφετε τα πάντα!
Θυμηθείτε: αν δεν το γράψατε, δεν έγινε ποτέ!
Πάρτε τα σωστά έντυπα από τη Διοίκηση και αποθηκεύετε συχνά τα αρχεία σας!"
TUT_RuleSix,"<title>Ο Κανόνας των Έξι</title>
Θυμηθείτε τον Κανόνα των Έξι!
Ποτέ μην κουβαλάτε πάνω σας περισσότερα από Έξι αντικείμενα!
Η ιδιοκτησία είναι προνόμιο:
Κρατάτε τις τσέπες σας άδειες και την τσάντα σας ελαφριά."
TUT_RuleStamina,"<title>Απαγορεύεται το τρέξιμο στους διαδρόμους!</title>
Απαγορεύεται το τρέξιμο στους διαδρόμους!
Σεβαστείτε τους γείτονές σας.
Όλοι σας ακούνε όταν τρέχετε!"
TUT_Taser,"<title>Συσκευές ηλεκτρικών παλμών</title>
Λόγω των πρόσφατων γεγονότων, όλο το προσωπικό της εγκατάστασης καλείται να εξοικειωθεί με τη χρήση των Συσκευών Ηλεκτρικών Παλμών. Μας στάλθηκε μια παρτίδα με ραβδιά ηλεκτροσόκ μίας χρήσης EIG-2 για εκπαίδευση. Για περισσότερες πληροφορίες, δείτε το εγχειρίδιο που επισυνάπτεται.
<page>- Elektroimpulsgerät EIG-2 -
Το ραβδί ηλεκτροσόκ EIG-2 είναι μια μη θανατηφόρα λύση μίας χρήσης και μικρής εμβέλειας για την ακινητοποίηση ατόμων που δε συνεργάζονται.
Μπορείτε να το βάλετε στη <style=red>θέση εργαλείου</style> στην οθόνη αντικειμένων. Μόλις εξοπλιστεί, φαίνεται κάτω αριστερά στην οθόνη αντικειμένων.
<page>Το ραβδί ηλεκτροσόκ EIG-2 χρησιμοποιείται με το ένα χέρι εν κινήσει, ακόμα και όταν σημαδεύετε με άλλο όπλο.
Μόλις εξοπλιστεί, για να το χρησιμοποιήσετε, απλώς πατήστε {4} όταν είστε στραμμένοι σε έναν κοντινό εχθρό.
<page>Προσοχή: Η ηλεκτρική εκκένωση υψηλής τάσης μπορεί να χτυπήσει άτομα κοντά στον στόχο. Χρησιμοποιείτε με προσοχή. Μην το χρησιμοποιείτε σε ηλικιωμένους, εγκύους ή άτομα με γνωστή καρδιοπάθεια, εκτός αν είναι απολύτως απαραίτητο. Πετάξτε σωστά το ραβδί μετά τη χρήση."
RES_Falke,"<title>Το ημερολόγιο της Falke</title>
84-21-A
Δεν ξέρω πόσο ακόμα μπορώ να αντέξω.
Δε θέλω να ζω πια ως αυτό που έχω γίνει.
Το κόκκινο μάτι πέρα από την πύλη μού έδειξε,
όχι, με άγγιξε, με δηλητηρίασε.
<page>Νιώθω ότι το μυαλό μου μολύνθηκε, λερώθηκε, από τη μνήμη ενός άλλου ανθρώπου.
Δεν είμαι πια εντελώς ο εαυτός μου,
αλλά ούτε έχω γίνει εντελώς κάποια άλλη.
<page>Έχω κολλήσει εδώ, ανάμεσα σε εκείνη και σε μένα, με μισοτελειωμένα όνειρα και αναμνήσεις που μπαίνουν στο μυαλό μου και λερώνουν κάθε μου πράξη.
Ποια είναι αυτή; Ποιο είναι εκείνο το κορίτσι με τα άσπρα μαλλιά; Γιατί λαχταράω να τη δω ξανά; Γιατί να με καταραστεί έτσι;"
LAB_Falke,"<title>Αυτή που ονειρεύεται</title>
<align=center>Μια φυλακή από την οποία η μόνη διέξοδος είναι ο θάνατος.
Βαθιά κάτω, αυτή που ονειρεύεται επιπλέει στη θάλασσα της σάρκας
<page>Το κόκκινο μάτι γεννάει έναν νέο κόσμο από το όνειρό της για πάντα
και κάθε φορά που γυρίζει πλευρό στον ύπνο της,
<page>γυρίζει και ο κόσμος
μέχρι που μένει μόνο σάρκα</align>"
END_PenroseTransmission,"<title>Η ανάμνηση της Falke</title>
Χορεύαμε
        με εκείνο το τραγούδι
                που ξεκινάει η εκπομπή
<page>Μας πήρε ο ύπνος
        βλέποντας εκείνη την ταινία
                που είχαμε δει τόσες φορές
<page>μακάρι
        να μπορούσα να μας γυρίσω
                σε εκείνον τον καιρό
                        που ήμασταν ευτυχισμένες
<page>
Αυτές οι αναμνήσεις
        είναι πια δικές μου. "
END_RedDream,"<title>Ένα κόκκινο όνειρο</title>
Ένα συντριμμένο σκάφος
Μια παράξενη πύλη
Μια τρύπα στο έδαφος.
<page>Ένα νησί που δεν μπορείς να φτάσεις
Αναμνήσεις από άλλες ζωές
όνειρα πόνου και μοναξιάς.
Μια υπόσχεση.
Ένα ψάξιμο για κάποια που χάθηκε.
<page>Την είδα, στο κόκκινο κενό, να με περιμένει.
Είχαμε δώσει μια υπόσχεση.
Καθώς οι αναμνήσεις μιας ξένης πλημμύριζαν το μυαλό μου,
ένιωσα τα όρια του εαυτού μου να θολώνουν.
<page>Τώρα, δεν μπορώ πια να ξεχωρίσω
πού τελειώνει η «Falke» και πού αρχίζει η «Elster». "
Y_Carcosa1,Γιατί υπάρχουν <font=illegible>divers s</font>διάφορα είδη θανάτου - σε κάποια το σώμα μέν<font=illegible>aineth; and in</font> ενώ σε άλλα χάνεται εντελώς μαζί με το πνεύμα.
Y_Carcosa2,"<font=illegible>I</font>Σε ένα είδος θανάτου πεθαίνει και το πνεύμ<font=illegible>th, and this it hath been known to do</font> ενώ το σώμα ήταν ακόμα δυνατό για πολλά χρόνια. Καμιά φορά, <font=illegible>as is veritably attested,</font> πεθαίνει μαζί με το σώμα, αλλά <font=illegible>after a season </font>ανασταίνεται ξανά <font=illegible>in that place</font> όπου το σώμα σάπισε"
Y_Offenbarung,"και ένα <font=illegible>great burning</font> αστέρι έπεσε <font=illegible>from th</font> από τον ουρανό,
και ένα βου<font=illegible>in fe</font>νό έπεσε στη θάλασσα κα<font=illegible>d the water</font> έγινε αίμα, <font=illegible>and th</font> το φεγγάρι <font=illegible>and stars and sun</font> σκοτείνιασαν"
Z_Carcosa 1,"στην ακτή σπάνε τα κύματα των σύννεφων,
οι δίδυμοι ήλιοι δύουν <font=illegible>behind the lake,</font>
οι σκιές μακραίνουν"
Z_Carcosa 2,"<font=illegible>strange is</font> η νύχτα όπου ανατέλλουν μαύρα αστέρια,
και παράξενα φεγγάρια γυρίζουν στους ουρανούς
αλλά ακόμα πιο παράξενη"
Z_Carcosa 3,"τραγούδι της <font=illegible>my soul, my voice is dead;
die thou,</font> ατραγούδιστο, όπως τα δάκρυα που δε χύθηκαν
θα στεγνώσουν και θα πεθάνουν"
Z_Eye,"<align=center>με καλεί
σε μια θάλασσα από σάρκα
θα γίνουμε ένα
αλλά δεν μπορώ ποτέ να γυρίσω
στο να είμαι εγώ"
Z_Holes,"Μεγάλες τρύπες
σκάβονται κρυφά
εκεί που θα έφταναν
οι πόροι της γης
και πράγματα έμαθαν να περπατάνε
ενώ θα έπρεπε να σέρνονται.
<page>δεν έπρεπε ποτέ να φύγουμε
από την αρχέγονη σούπα
μόνο με τον θάνατο μπορώ να ξεφύγω
από το κάλεσμα αυτού που κυβερνά
πάνω από κάθε ζωή"
Z_Sleep,"Κάτι παλιό, πολύ πιο παλιό από την ανθρωπότητα,
κοιμάται βαθιά κάτω από το έδαφος.
<page>Όσοι από εμάς μπορούν,
ακούνε το κάλεσμά του τη νύχτα.
Μια πρόσκληση.
<page>Ένας ωκεανός από αναμνήσεις, όπου το «Εγώ» τελειώνει και
το «Εμείς» αρχίζει."
Z_Song,"Όσοι τραγουδούν το ίδιο τραγούδι
το έχουν ακούσει στα όνειρά τους.
Ένας σκοτεινός τόνος, στην άκρη της ακοής
Μια σιωπηλή φωνή, που ψιθυρίζει στην καρδιά μου:
<page><align=center>Έλα μαζί μας
Μαζί θα είμαστε αιώνιοι
Δεν υπάρχει διέξοδος
Θα γίνουμε ένα.
<page>Αλλά φοβάμαι τη σκοτεινή θάλασσα
που θα με καταπιεί "
PEN_Reaktor,"<title>Συντήρηση κελιών αντιδραστήρα</title>
Όλα τα ηλεκτρονικά στα σκάφη τύπου Penrose παίρνουν ρεύμα από την κύρια πηγή ενέργειας του σκάφους, έναν ρυθμιζόμενο, σφραγισμένο, αυτόνομο θερμικό πυρηνικό σταθμό πέντε κελιών (EVA-AKW).
<page>Η ισχύς κάθε κελιού καυσίμου ρυθμίζεται χωριστά, αλλάζοντας τη θέση των ράβδων καυσίμου μέσα στο υγρό ψυκτικό.
Αν ανεβάσετε μια ράβδο, αυξάνεται η ισχύς του κελιού, αλλά αυξάνεται και η θερμοκρασία του.
<page>Για να προστατευτεί ο αντιδραστήρας από επικίνδυνη ζημιά λόγω θερμότητας, το σύστημα ελέγχου δέχεται μόνο ρυθμίσεις ράβδων με μέση θερμοκρασία αντιδραστήρα κάτω από 700K.
<page>Σε περίπτωση σύγκρουσης ή σκληρής προσγείωσης, οι ράβδοι καυσίμου μπορεί να βγουν εκτός θέσης. Μετά από κάθε προσγείωση, ελέγχετε πάντα τη θέση των ράβδων στον υπολογιστή ελέγχου του αντιδραστήρα. 
"
PEN_ReaktorHint,"<title>Πρόχειρο σημείωμα</title>
A - 2780MW
B - <font=illegible>1240MW</font>
C - 1300MW
D - 11<font=illegible>50M</font>W
E - 3850MW"
TUT_TaserDemo,"<title>Συσκευές ηλεκτρικών παλμών</title>
- Elektroimpulsgerät EIG-2 -
Το ραβδί ηλεκτροσόκ EIG-2 είναι μια μη θανατηφόρα λύση μίας χρήσης και μικρής εμβέλειας για την ακινητοποίηση ατόμων που δε συνεργάζονται.
Μπορείτε να το βάλετε στη <style=red>θέση εργαλείου</style> στην οθόνη αντικειμένων. Μόλις εξοπλιστεί, φαίνεται κάτω αριστερά στην οθόνη αντικειμένων.
<page>Το ραβδί ηλεκτροσόκ EIG-2 χρησιμοποιείται με το ένα χέρι εν κινήσει, ακόμα και όταν σημαδεύετε με άλλο όπλο.
Μόλις εξοπλιστεί, για να το χρησιμοποιήσετε, απλώς πατήστε {4} όταν είστε στραμμένοι σε έναν κοντινό εχθρό.
<page>Προσοχή: Η ηλεκτρική εκκένωση υψηλής τάσης μπορεί να χτυπήσει άτομα κοντά στον στόχο. Χρησιμοποιείτε με προσοχή. Μην το χρησιμοποιείτε σε ηλικιωμένους, εγκύους ή άτομα με γνωστή καρδιοπάθεια, εκτός αν είναι απολύτως απαραίτητο. Πετάξτε σωστά το ραβδί μετά τη χρήση."
